Workbook

Sheet SuppData1_ClinicalData
A1: Supplementary Data 1: Clinical Data
A4: Patient_ID | B4: Disease | C4: Group | D4: FusionGeneatDiagnosis | E4: FusionGeneatRelapse | F4: Karyotype Diagnosis | G4: Karyotype R | H4: Infant/Child | I4: Age group | J4: Treatment_Protocol | K4: Survival | L4: Relapse Site | M4: Risk grouping | N4: SCT | O4: WGS | P4: WES | Q4: Targeted Sequencing | R4: Paired
A5: P15 | B5: B-ALL | C5: Remission | D5: KMT2A::MLLT3 | E5: na | F5: 47-48,XY,t(9;11)(p22;q23)+1-2mar | G5: na | H5: Child | I5: 1-5 years | J5: NOPHO 1992 | K5: Alive | L5: NA | M5: High | N5: No | O5: - | P5: - | Q5: Yes | R5: No
A6: P16 | B6: B-ALL | C6: Remission | D6: KMT2A::AFF1 | E6: na | F6: 46,XY,t(4;11)(q21;q23)[18]/46,XY[7] | G6: na | H6: Child | I6: 1-5 years | J6: Interfant -99 | K6: Alive | L6: NA | M6: Unknown | N6: No | O6: - | P6: - | Q6: Yes | R6: No
A7: P19 | B7: B-ALL | C7: Remission | D7: KMT2A::ACIN1 | E7: na | F7: 46,XX,ins(11;14)(q23;q?),-14,+mar.ish.del(9)(p21p21) | G7: na | H7: Child | I7: 1-5 years | J7: NOPHO 1992 | K7: Alive | L7: NA | M7: Intermediate | N7: No | O7: - | P7: - | Q7: Yes | R7: No
A8: P2 | B8: B-ALL | C8: Remission | D8: KMT2A::MLLT1 | E8: na | F8: 46,XX,t(11;19)(q23;p13)[14] | G8: na | H8: Infant | I8: > 6 months | J8: Interfant -99 | K8: Alive | L8: NA | M8: Unknown | N8: Yes | O8: - | P8: - | Q8: Yes | R8: No
A9: P26 | B9: B-ALL | C9: Remission | D9: KMT2A::MLLT1 | E9: na | F9: 46,XX,t(11;?19)(q23;?)/46,XX | G9: na | H9: Infant | I9: 3-6 months | J9: AML 2004 | K9: Alive | L9: NA | M9: High | N9: No | O9: - | P9: - | Q9: Yes | R9: No
A10: P29 | B10: B-ALL | C10: Remission | D10: KMT2A::MLLT3 | E10: na | F10: 46,XY,t(9;11)(p21;q23) | G10: na | H10: Infant | I10: < 3 months | J10: Interfant -06 | K10: Alive | L10: NA | M10: Medium | N10: No | O10: - | P10: - | Q10: Yes | R10: No
A11: P1 | B11: MPAL | C11: Remission | D11: KMT2A::MLLT10 | E11: na | F11: 46,XX,del(10)(p11),der(11)inv(11)(q13q23)del(11)(q13),der(14)t(11;14)(q13;q32)t(10;11)(?;q23)[14]/46,XX[11] | G11: na | H11: Infant | I11: < 3 months | J11: Interfant -99 | K11: Alive | L11: NA | M11: Unknown | N11: No | O11: - | P11: - | Q11: Yes | R11: No
A12: P123 | B12: B-ALL | C12: Very early | D12: KMT2A::EPS15 | E12: KMT2A::EPS15 | F12: 46,XX,t(1;11)(p32;q23)[21]/46,XX,[1] | G12: - | H12: Infant | I12: < 3 months | J12: Interfant -99 | K12: Passed | L12: BM | M12: High | N12: Unknown | O12: D-R1 | P12: D-R1 | Q12: No | R12: No
A13: P126 | B13: B-ALL | C13: Very early | D13: KMT2A::MLLT1 | E13: KMT2A::MLLT1 | F13: 46,XY,t(11;19)(q23;013.3)[7]/46XY[3] | G13: - | H13: Infant | I13: 3-6 months | J13: Interfant -06 | K13: Passed | L13: BM | M13: Medium | N13: Unknown | O13: D-R1 | P13: D-R1 | Q13: No | R13: No
A14: P127 | B14: B-ALL | C14: Very early | D14: KMT2A::AFF1 | E14: KMT2A::AFF1 | F14: 46,XX,t(4;11)(q21;q23)[13]/46,XX[2] | G14: - | H14: Infant | I14: < 3 months | J14: Interfant -06 | K14: Passed | L14: BM | M14: Medium | N14: Unknown | O14: R1 | P14: D-G-R1 | Q14: No | R14: Yes
A15: P128 | B15: B-ALL | C15: Very early | D15: KMT2A::MLLT3 | E15: KMT2A::MLLT3 | F15: 46,XX?t(9;11)(P21;q23)[1],ISHt(9;11)(P21;q23)(3'MLL+;5'MLL+,3'MLL-)[11]/46,XX[19],NUCISH(MLLX2)(5'MLLSEP3'MLLX1)[181/200] | G15: - | H15: Infant | I15: < 3 months | J15: Interfant -06 | K15: Passed | L15: BM | M15: Medium | N15: Unknown | O15: R1 | P15: R1 | Q15: No | R15: No
... A56: P59 | B56: AML | C56: Late | D56: KMT2A::MLLT3 | E56: KMT2A::MLLT3 | F56: 47,XY,t(9;11)(p21;q23),+der(9)t(9;11) | G56: - | H56: Child | I56: 5-10 years | J56: AML 2004 | K56: Alive | L56: BM | M56: Standard | N56: Yes | O56: - | P56: - | Q56: Yes | R56: No

Sheet SuppData2_WES&WGSCoverage
A1: Supplementary Data 2: WES & WGS Coverage
A3: Sample details | E3: Whole Genome Sequencing | N3: Whole Exome Sequencing
A4: Patient | B4: Sample | C4: Sample Type | D4: Sampling Year | E4: Reads | F4: Mapped | G4: NonDupMpd | H4: Mapped | I4: Duplicates | J4: Mean Coverage | K4: Median Coverage | L4: WGS Date | M4: Pipeline | N4: Reads | O4: Mapped | P4: NonDupMpd | Q4: Mapped | R4: Duplicates | S4: Mean Coverage | T4: Median Coverage | U4: WES date | V4: Pipeline
A5: P12 | B5: P12-d0 | C5: Diagnosis | D5: 2010 | E5: 1061627520 | F5: 1000600286 | G5: 775643045 | H5: 0.942515 | I5: 0.224822 | J5: 39 | K5: 40 | L5: 42485 | M5: PCGP | N5: 196098342 | O5: 186185098 | P5: 150465770 | Q5: 0.9494 | R5: 0.1918 | S5: 207 | T5: 188 | U5: 42114 | V5: PCGP
A6: P12 | B6: P12-d48 | C6: Germline | D6: 2010 | E6: 812321998 | F6: 768169196 | G6: 616802372 | H6: 0.945646 | I6: 0.197049 | J6: 31 | K6: 32 | L6: 42485 | M6: PCGP | N6: 177151574 | O6: 166610425 | P6: 113826180 | Q6: 0.9405 | R6: 0.3168 | S6: 145 | T6: 103 | U6: 42114 | V6: PCGP
A7: P12 | B7: P12-d175 | C7: Relapse1 | D7: 2011 | E7: na | F7: na | G7: na | H7: na | I7: na | J7: na | K7: na | L7: na | M7: na | N7: 239216864 | O7: 238777533 | P7: 207727597 | Q7: 0.9982 | R7: 0.13 | S7: 282 | T7: 275 | U7: 44782 | V7: CAB
A8: P11 | B8: P11-d0 | C8: Diagnosis | D8: 1997 | E8: 1005144556 | F8: 1003490826 | G8: 865621408 | H8: 0.9984 | I8: 0.1374 | J8: 42 | K8: 42 | L8: 44806 | M8: PCGP | N8: na | O8: na | P8: na | Q8: na | R8: na | S8: na | T8: na | U8: na | V8: na
A9: P11 | B9: P11-d82 | C9: Germline | D9: 1997 | E9: 805951316 | F9: 759391521 | G9: 606386193 | H9: 0.94223 | I9: 0.201484 | J9: 31 | K9: 32 | L9: 42485 | M9: PCGP | N9: 174676880 | O9: 165299531 | P9: 132771582 | Q9: 0.9463 | R9: 0.1968 | S9: 178 | T9: 162 | U9: 42114 | V9: PCGP
A10: P11 | B10: P11-d223 | C10: Relapse1 | D10: 1998 | E10: 805951316 | F10: 759391521 | G10: 606386193 | H10: 0.94223 | I10: 0.201484 | J10: 54 | K10: 53 | L10: 44720 | M10: PCGP | N10: 260360719 | O10: 259640494 | P10: 213022144 | Q10: 0.9972 | R10: 0.1795 | S10: 271 | T10: 263 | U10: 44782 | V10: PCGP
A11: P58 | B11: P58-d0 | C11: Diagnosis | D11: 2000 | E11: 1897233332 | F11: 1805968916 | G11: 728416697 | H11: 0.951896 | I11: 0.596662 | J11: 37 | K11: 38 | L11: 42485 | M11: PCGP | N11: 248099692 | O11: 225004404 | P11: 195915886 | Q11: 0.906911 | R11: 0.12928 | S11: 222 | T11: 206 | U11: 42542 | V11: PCGP
A12: P58 | B12: P58-d182 | C12: Germline | D12: 2001 | E12: 2022958176 | F12: 1933145002 | G12: 780939299 | H12: 0.955603 | I12: 0.596027 | J12: 39 | K12: 40 | L12: 42485 | M12: PCGP | N12: na | O12: na | P12: na | Q12: na | R12: na | S12: na | T12: na | U12: na | V12: na
A13: P58 | B13: P58-d391 | C13: Relapse1 | D13: 2001 | E13: 888972120 | F13: 827593253 | G13: 772644671 | H13: 0.931 | I13: 0.0664 | J13: 43 | K13: 41 | L13: 43755 | M13: PCGP | N13: 107846484 | O13: 100205854 | P13: 56536957 | Q13: 0.9292 | R13: 0.4358 | S13: 74 | T13: 51 | U13: 43858 | V13: PCGP
A14: P28 | B14: P28-d0 | C14: Diagnosis | D14: 2005 | E14: 858376954 | F14: 791707915 | G14: 666512533 | H14: 0.9223 | I14: 0.1581 | J14: 34 | K14: 34 | L14: 42380 | M14: PCGP | N14: 195657564 | O14: 180046912 | P14: 150558027 | Q14: 0.9202 | R14: 0.1638 | S14: 179 | T14: 168 | U14: 42657 | V14: PCGP
A15: P28 | B15: P28-d29 | C15: Germline | D15: 2005 | E15: 912231886 | F15: 846057068 | G15: 708481954 | H15: 0.927458 | I15: 0.162607 | J15: 36 | K15: 37 | L15: 42380 | M15: PCGP | N15: na | O15: na | P15: na | Q15: na | R15: na | S15: na | T15: na | U15: na | V15: na
A16: P28 | B16: P28-d208 | C16: Relapse1 | D16: 2006 | E16: 1038961676 | F16: 998848888 | G16: 650859243 | H16: 0.961391 | I16: 0.348391 | J16: 53 | K16: 45 | L16: 42380 | M16: PCGP | N16: 111783934 | O16: 103722909 | P16: 81152686 | Q16: 0.9279 | R16: 0.2176 | S16: 108 | T16: 90 | U16: 42657 | V16: PCGP
A17: P3 | B17: P3-d0 | C17: Diagnosis | D17: 2007 | E17: 3752732630 | F17: 3558684735 | G17: 2634027134 | H17: 0.948292 | I17: 0.259831 | J17: 128 | K17: 134 | L17: 42485 | M17: PCGP | N17: 505747240 | O17: 458556452 | P17: 337110311 | Q17: 0.906691 | R17: 0.264844 | S17: 365 | T17: 346 | U17: 41988 | V17: PCGP
A18: P3 | B18: P3-seq3G | C18: Germline | D18: 2008 | E18: 962735030 | F18: 920785347 | G18: 724891879 | H18: 0.956427 | I18: 0.212746 | J18: 38 | K18: 39 | L18: 42485 | M18: PCGP | N18: 962735030 | O18: 920785347 | P18: 88097940 | Q18: 0.9564 | R18: 0.2127 | S18: 82.2136 | T18: 68 | U18: 41988 | V18: PCGP
A19: P3 | B19: P3-d396 | C19: Relapse1 | D19: 2008 | E19: 899600282 | F19: 840403295 | G19: 539855449 | H19: 0.934196 | I19: 0.357623 | J19: 31 | K19: 30 | L19: 44806 | M19: PCGP | N19: 115770724 | O19: 109370978 | P19: 78988521 | Q19: 0.944721 | R19: 0.277793 | S19: 122 | T19: 108 | U19: 43413 | V19: PCGP
A20: P57 | B20: P57-d0 | C20: Diagnosis | D20: 2000 | E20: 1170427828 | F20: 1097183224 | G20: 883160943 | H20: 0.937421 | I20: 0.195065 | J20: 52 | K20: 49 | L20: 42485 | M20: PCGP | N20: 147162970 | O20: 132545524 | P20: 114918137 | Q20: 0.900672 | R20: 0.132991 | S20: 132 | T20: 120 | U20: 42542 | V20: PCGP
A21: P57 | B21: P57-d217 | C21: Germline | D21: 2001 | E21: 1083273812 | F21: 967289441 | G21: 635925970 | H21: 0.892932 | I21: 0.342569 | J21: 31 | K21: 31 | L21: 42913 | M21: PCGP | N21: na | O21: na | P21: na | Q21: na | R21: na | S21: na | T21: na | U21: na | V21: na
A22: P57 | B22: P57-d537 | C22: Relapse1 | D22: 2002 | E22: 1095265338 | F22: 1046423323 | G22: 830682834 | H22: 0.955406 | I22: 0.206169 | J22: 43 | K22: 44 | L22: 42485 | M22: PCGP | N22: 32067872 | O22: 30764533 | P22: 27256584 | Q22: 0.9594 | R22: 0.114 | S22: 42 | T22: 36 | U22: 43593 | V22: PCGP
A23: P47 | B23: P47-d0 | C23: Diagnosis | D23: 2009 | E23: 1226545696 | F23: 1170132235 | G23: 965358959 | H23: 0.954006 | I23: 0.175 | J23: 57 | K23: 59 | L23: 42485 | M23: PCGP | N23: na | O23: na | P23: na | Q23: na | R23: na | S23: na | T23: na | U23: na | V23: na
A24: P47 | B24: P47-d1134 | C24: Germline | D24: 2013 | E24: 1107846600 | F24: 1045283390 | G24: 867009736 | H24: 0.943527 | I24: 0.170551 | J24: 45 | K24: 46 | L24: 42485 | M24: PCGP | N24: na | O24: na | P24: na | Q24: na | R24: na | S24: na | T24: na | U24: na | V24: na
A25: P47 | B25: P47-d1024 | C25: Relapse1 | D25: 2012 | E25: 1145110538 | F25: 1093888694 | G25: 922226696 | H25: 0.9553 | I25: 0.1569 | J25: 49 | K25: 48 | L25: 44720 | M25: PCGP | N25: 288544280 | O25: 287721068 | P25: 224722764 | Q25: 0.9971 | R25: 0.219 | S25: 286 | T25: 275 | U25: 44782 | V25: PCGP
A26: P17 | B26: P17-d0 | C26: Diagnosis | D26: 2005 | E26: 1144998352 | F26: 1092259354 | G26: 920997262 | H26: 0.95394 | I26: 0.156796 | J26: 45 | K26: 46 | L26: 42536 | M26: PCGP | N26: 175468492 | O26: 166898810 | P26: 127044266 | Q26: 0.9512 | R26: 0.2388 | S26: 198 | T26: 181 | U26: 42122 | V26: PCGP
A27: P17 | B27: P17-d210 | C27: Germline | D27: 2005 | E27: 1189663264 | F27: 1141120026 | G27: 978758603 | H27: 0.959196 | I27: 0.142283 | J27: 50 | K27: 51 | L27: 42536 | M27: PCGP | N27: 155929650 | O27: 148621495 | P27: 113305335 | Q27: 0.9531 | R27: 0.2376 | S27: 161 | T27: 149 | U27: 42122 | V27: PCGP
A28: P17 | B28: P17-d470 | C28: Relapse1 | D28: 2006 | E28: 723428320 | F28: 648219298 | G28: 584687427 | H28: 0.896 | I28: 0.098 | J28: 44 | K28: 35 | L28: 43554 | M28: PCGP | N28: 31642148 | O28: 29875228 | P28: 25325577 | Q28: 0.9442 | R28: 0.1523 | S28: 43 | T28: 30 | U28: 43593 | V28: PCGP
A29: P69 | B29: P69-d0 | C29: Diagnosis | D29: 2008 | E29: 1922561988 | F29: 1834221588 | G29: 648760355 | H29: 0.954051 | I29: 0.646302 | J29: 31 | K29: 32 | L29: 42485 | M29: PCGP | N29: 74143990 | O29: 70562379 | P29: 65642519 | Q29: 0.951694 | R29: 0.0697236 | S29: 87 | T29: 78 | U29: 42552 | V29: PCGP
A30: P69 | B30: P69-d145 | C30: Germline | D30: 2008 | E30: 2320621484 | F30: 2206789642 | G30: 761889370 | H30: 0.950948 | I30: 0.654752 | J30: 36 | K30: 38 | L30: 42485 | M30: PCGP | N30: na | O30: na | P30: na | Q30: na | R30: na | S30: na | T30: na | U30: na | V30: na
A31: P69 | B31: P69-d385 | C31: Relapse1 | D31: 2009 | E31: 1076798850 | F31: 1001137699 | G31: 854082614 | H31: 0.929735 | I31: 0.146888 | J31: 41 | K31: 42 | L31: 42809 | M31: PCGP | N31: 174475156 | O31: 147039217 | P31: 128626185 | Q31: 0.842752 | R31: 0.125225 | S31: 151 | T31: 139 | U31: 42825 | V31: PCGP
A32: P23 | B32: P23-d0 | C32: Diagnosis | D32: 2006 | E32: 1048096776 | F32: 1006033352 | G32: 899868630 | H32: 0.9599 | I32: 0.1055 | J32: 48 | K32: 48 | L32: 44305 | M32: PCGP | N32: 232967182 | O32: 221686236 | P32: 154592815 | Q32: 0.9516 | R32: 0.3027 | S32: 241 | T32: 223 | U32: 42126 | V32: PCGP
A33: P23 | B33: P23-d22 | C33: Germline | D33: 2006 | E33: 950514146 | F33: 909801375 | G33: 760284636 | H33: 0.9572 | I33: 0.1643 | J33: 38 | K33: 38 | L33: 44305 | M33: PCGP | N33: 142129444 | O33: 135631172 | P33: 96625043 | Q33: 0.9543 | R33: 0.2876 | S33: 139 | T33: 129 | U33: 42126 | V33: PCGP
A34: P23 | B34: P23-d103 | C34: Relapse1 | D34: 2006 | E34: 1250556710 | F34: 1198434149 | G34: 1057961055 | H34: 0.9583 | I34: 0.1172 | J34: 55 | K34: 56 | L34: 44305 | M34: PCGP | N34: 183561438 | O34: 170450376 | P34: 138007793 | Q34: 0.928574 | R34: 0.190334 | S34: 198 | T34: 186 | U34: 42657 | V34: PCGP
A35: P24 | B35: P24-d0 | C35: Diagnosis | D35: 1999 | E35: 1031128954 | F35: 960112365 | G35: 797245830 | H35: 0.931127 | I35: 0.169633 | J35: 39 | K35: 39 | L35: 42809 | M35: PCGP | N35: 161979674 | O35: 154669435 | P35: 106789133 | Q35: 0.9549 | R35: 0.3096 | S35: 160 | T35: 149 | U35: 42126 | V35: PCGP
A36: P24 | B36: P24-d108 | C36: Germline | D36: 1999 | E36: 1049017510 | F36: 979965581 | G36: 841608238 | H36: 0.934175 | I36: 0.141186 | J36: 42 | K36: 43 | L36: 42809 | M36: PCGP | N36: 215561762 | O36: 205095857 | P36: 146399952 | Q36: 0.9514 | R36: 0.2862 | S36: 226 | T36: 209 | U36: 42126 | V36: PCGP
A37: P24 | B37: P24-d445 | C37: Relapse1 | D37: 2000 | E37: 920900710 | F37: 858676732 | G37: 793771114 | H37: 0.9324 | I37: 0.0756 | J37: 44 | K37: 43 | L37: 43755 | M37: PCGP | N37: 109817890 | O37: 102452950 | P37: 57729759 | Q37: 0.9329 | R37: 0.4365 | S37: 71 | T37: 50 | U37: 43858 | V37: PCGP
A38: P30 | B38: P30-d21 | C38: Other | D38: 2001 | E38: 991021388 | F38: 926231742 | G38: 743352515 | H38: 0.934623 | I38: 0.197444 | J38: 31 | K38: 30 | L38: 42809 | M38: PCGP | N38: 120605680 | O38: 110705174 | P38: 98031496 | Q38: 0.91791 | R38: 0.114481 | S38: 125 | T38: 115 | U38: 42825 | V38: PCGP
A39: P30 | B39: P30-d222 | C39: Germline | D39: 2002 | E39: 984595318 | F39: 932740221 | G39: 766916737 | H39: 0.947334 | I39: 0.177781 | J39: 36 | K39: 38 | L39: 42809 | M39: PCGP | N39: na | O39: na | P39: na | Q39: na | R39: na | S39: na | T39: na | U39: na | V39: na
A40: P30 | B40: P30-d1037 | C40: Relapse2 | D40: 2004 | E40: 834709288 | F40: 772993907 | G40: 715054019 | H40: 0.9261 | I40: 0.075 | J40: 39 | K40: 38 | L40: 43755 | M40: PCGP | N40: 100775020 | O40: 93437980 | P40: 54169734 | Q40: 0.9272 | R40: 0.4203 | S40: 70 | T40: 49 | U40: 43858 | V40: PCGP
A41: P30 | B41: P30-d1742 | C41: Relapse3 | D41: 2006 | E41: 834666156 | F41: 832510210 | G41: 640212538 | H41: 0.9974 | I41: 0.231 | J41: 31 | K41: 30 | L41: 44806 | M41: PCGP | N41: 241291904 | O41: 240943235 | P41: 206283046 | Q41: 0.9986 | R41: 0.1439 | S41: 277 | T41: 267 | U41: 44782 | V41: PCGP
A42: P30 | B42: P30-d2183 | C42: Relapse4 | D42: 2007 | E42: 775486307 | F42: 774045024 | G42: 649710381 | H42: 0.9981 | I42: 0.1606 | J42: 33 | K42: 32 | L42: 44806 | M42: PCGP | N42: 202367546 | O42: 201914298 | P42: 174692620 | Q42: 0.9978 | R42: 0.1348 | S42: 213 | T42: 204 | U42: 44782 | V42: PCGP
A43: P30 | B43: P30-d400 | C43: Relapse1 | D43: 2003 | E43: 758049297 | F43: 756543048 | G43: 620037840 | H43: 0.998 | I43: 0.1804 | J43: 29 | K43: 28 | L43: 44806 | M43: PCGP | N43: na | O43: na | P43: na | Q43: na | R43: na | S43: na | T43: na | U43: na | V43: na
A44: P32 | B44: P32-d0 | C44: Diagnosis | D44: 2000 | E44: 998815176 | F44: 917070566 | G44: 722797345 | H44: 0.918158 | I44: 0.211841 | J44: 37 | K44: 37 | L44: 42843 | M44: PCGP | N44: 172816944 | O44: 157877954 | P44: 138038263 | Q44: 0.913556 | R44: 0.125665 | S44: 188 | T44: 172 | U44: 42825 | V44: PCGP
A45: P32 | B45: P32-d97 | C45: Germline | D45: 2000 | E45: 992679250 | F45: 910449350 | G45: 752802513 | H45: 0.917164 | I45: 0.173153 | J45: 40 | K45: 44 | L45: 42843 | M45: PCGP | N45: na | O45: na | P45: na | Q45: na | R45: na | S45: na | T45: na | U45: na | V45: na
A46: P32 | B46: P32-d683 | C46: Relapse1 | D46: 2002 | E46: 1025833250 | F46: 951002321 | G46: 865633365 | H46: 0.9271 | I46: 0.0898 | J46: 47 | K46: 47 | L46: 43755 | M46: PCGP | N46: 105092520 | O46: 98154176 | P46: 55281009 | Q46: 0.934 | R46: 0.4368 | S46: 70 | T46: 51 | U46: 43858 | V46: PCGP
A47: P63 | B47: P63-d0 | C47: Diagnosis | D47: 2009 | E47: 886128442 | F47: 842282501 | G47: 677568580 | H47: 0.95052 | I47: 0.195557 | J47: 31 | K47: 32 | L47: 42485 | M47: PCGP | N47: 214357902 | O47: 200528123 | P47: 173548761 | Q47: 0.935483 | R47: 0.134542 | S47: 203 | T47: 186 | U47: 42542 | V47: PCGP
A48: P63 | B48: P63-d89 | C48: Germline | D48: 2009 | E48: 919621702 | F48: 876266018 | G48: 703539295 | H48: 0.952855 | I48: 0.197117 | J48: 34 | K48: 36 | L48: 42485 | M48: PCGP | N48: na | O48: na | P48: na | Q48: na | R48: na | S48: na | T48: na | U48: na | V48: na
A49: P63 | B49: P63-d302 | C49: Relapse1 | D49: 2010 | E49: 1207251734 | F49: 1150226251 | G49: 785828493 | H49: 0.952764 | I49: 0.316805 | J49: 39 | K49: 40 | L49: 42485 | M49: PCGP | N49: 130032914 | O49: 109065534 | P49: 96766763 | Q49: 0.838753 | R49: 0.112765 | S49: 118 | T49: 108 | U49: 42825 | V49: PCGP
A50: P63 | B50: P63-d546 | C50: Relapse2 | D50: 2011 | E50: 933206372 | F50: 931532935 | G50: 754800686 | H50: 0.9982 | I50: 0.1897 | J50: 40 | K50: 40 | L50: 44806 | M50: PCGP | N50: 310819988 | O50: 310095934 | P50: 257032784 | Q50: 0.9977 | R50: 0.1711 | S50: 325 | T50: 317 | U50: 44782 | V50: PCGP
A51: P89 | B51: P89-d0 | C51: Diagnosis | D51: 2010 | E51: 1031365846 | F51: 948046248 | G51: 804256583 | H51: 0.919214 | I51: 0.151669 | J51: 40 | K51: 42 | L51: 42809 | M51: PCGP | N51: 132676976 | O51: 109965591 | P51: 98092740 | Q51: 0.828822 | R51: 0.107969 | S51: 112 | T51: 103 | U51: 42825 | V51: PCGP
A52: P89 | B52: P89-d178 | C52: Germline | D52: 2010 | E52: 1007625562 | F52: 924903591 | G52: 777590207 | H52: 0.917904 | I52: 0.159274 | J52: 48 | K52: 47 | L52: 43755 | M52: PCGP | N52: na | O52: na | P52: na | Q52: na | R52: na | S52: na | T52: na | U52: na | V52: na
A53: P89 | B53: P89-d299 | C53: Relapse2 | D53: 2011 | E53: na | F53: na | G53: na | H53: na | I53: na | J53: na | K53: na | L53: na | M53: na | N53: 267762516 | O53: 267083518 | P53: 227385303 | Q53: 0.9975 | R53: 0.1486 | S53: 288 | T53: 280 | U53: 44782 | V53: CAB
A54: P89 | B54: P89-d398 | C54: Relapse3 | D54: 2011 | E54: 1007625562 | F54: 924903591 | G54: 777590207 | H54: 0.9179 | I54: 0.1593 | J54: 37 | K54: 38 | L54: 42809 | M54: PCGP | N54: 98255200 | O54: 92326447 | P54: 51085588 | Q54: 0.9397 | R54: 0.4467 | S54: 69 | T54: 50 | U54: 43858 | V54: PCGP
A55: P95 | B55: P95-d0 | C55: Diagnosis | D55: 2011 | E55: 1029848996 | F55: 956034203 | G55: 771898729 | H55: 0.928325 | I55: 0.192603 | J55: 40 | K55: 40 | L55: 42506 | M55: PCGP | N55: 139773258 | O55: 130355126 | P55: 110308250 | Q55: 0.932618 | R55: 0.153787 | S55: 142 | T55: 133 | U55: 42681 | V55: PCGP
A56: P95 | B56: P95-d723 | C56: Germline | D56: 2013 | E56: 788973780 | F56: 731148712 | G56: 614732862 | H56: 0.926709 | I56: 0.159223 | J56: 29 | K56: 30 | L56: 42506 | M56: PCGP | N56: na | O56: na | P56: na | Q56: na | R56: na | S56: na | T56: na | U56: na | V56: na
A57: P95 | B57: P95-d927 | C57: Relapse1 | D57: 2014 | E57: 1226474284 | F57: 1046661510 | G57: 847566424 | H57: 0.853391 | I57: 0.190219 | J57: 67 | K57: 51 | L57: 42506 | M57: PCGP (CNA, SNV) & CAB (SV) | N57: 205022278 | O57: 189753248 | P57: 148788432 | Q57: 0.925525 | R57: 0.215885 | S57: 200 | T57: 158 | U57: 42681 | V57: PCGP
A58: P99 | B58: P99-d0 | C58: Diagnosis | D58: 2008 | E58: 856714898 | F58: 796475920 | G58: 671836189 | H58: 0.929686 | I58: 0.156489 | J58: 33 | K58: 33 | L58: 42506 | M58: PCGP | N58: 123159950 | O58: 114848743 | P58: 97898140 | Q58: 0.932517 | R58: 0.147591 | S58: 113 | T58: 106 | U58: 42681 | V58: PCGP
A59: P99 | B59: P99-d175 | C59: Germline | D59: 2008 | E59: 993196210 | F59: 903814689 | G59: 735488328 | H59: 0.910006 | I59: 0.18624 | J59: 36 | K59: 36 | L59: 42506 | M59: PCGP | N59: na | O59: na | P59: na | Q59: na | R59: na | S59: na | T59: na | U59: na | V59: na
A60: P99 | B60: P99-d477 | C60: Relapse1 | D60: 2009 | E60: 992805922 | F60: 914238029 | G60: 751630959 | H60: 0.920863 | I60: 0.177861 | J60: 36 | K60: 35 | L60: 42506 | M60: PCGP | N60: 100277438 | O60: 93815971 | P60: 75878550 | Q60: 0.935564 | R60: 0.191198 | S60: 96 | T60: 87 | U60: 42681 | V60: PCGP
A61: P100 | B61: P100-d0 | C61: Diagnosis | D61: 2007 | E61: 944848382 | F61: 895482969 | G61: 686314746 | H61: 0.947753 | I61: 0.233581 | J61: 34 | K61: 35 | L61: 42485 | M61: PCGP | N61: 146643326 | O61: 136540778 | P61: 115832443 | Q61: 0.931108 | R61: 0.151664 | S61: 138 | T61: 130 | U61: 42681 | V61: PCGP
A62: P100 | B62: P100-d429 | C62: Germline | D62: 2008 | E62: 1046964704 | F62: 992525537 | G62: 745085176 | H62: 0.948003 | I62: 0.249304 | J62: 36 | K62: 37 | L62: 42485 | M62: PCGP | N62: na | O62: na | P62: na | Q62: na | R62: na | S62: na | T62: na | U62: na | V62: na
A63: P100 | B63: P100-d372 | C63: Relapse1 | D63: 2008 | E63: 924890512 | F63: 882999698 | G63: 682259420 | H63: 0.954707 | I63: 0.227339 | J63: 37 | K63: 38 | L63: 42485 | M63: PCGP | N63: 120158390 | O63: 111817362 | P63: 95915798 | Q63: 0.930583 | R63: 0.14221 | S63: 115 | T63: 108 | U63: 42681 | V63: PCGP
A64: P110 | B64: P110-d0 | C64: Diagnosis | D64: 2018 | E64: 993713658 | F64: 922496184 | G64: 853190103 | H64: 0.9283 | I64: 0.0751 | J64: 46 | K64: 45 | L64: 43755 | M64: PCGP | N64: 102084528 | O64: 94696381 | P64: 54727362 | Q64: 0.9276 | R64: 0.4221 | S64: 68 | T64: 48 | U64: 43858 | V64: PCGP
A65: P110 | B65: P110-d133 | C65: Germline | D65: 2019 | E65: 942990244 | F65: 880249108 | G65: 814548252 | H65: 0.9335 | I65: 0.0746 | J65: 46 | K65: 45 | L65: 43755 | M65: PCGP | N65: na | O65: na | P65: na | Q65: na | R65: na | S65: na | T65: na | U65: na | V65: na
A66: P110 | B66: P110-d287 | C66: Relapse2 | D66: 2019 | E66: na | F66: na | G66: na | H66: na | I66: na | J66: na | K66: na | L66: na | M66: na | N66: 351697173 | O66: 350431494 | P66: 275159186 | Q66: 0.9964 | R66: 0.2148 | S66: 354 | T66: 340 | U66: 44782 | V66: PCGP
A67: P68 | B67: P68-d0 | C67: Diagnosis | D67: 2008 | E67: 1254292780 | F67: 1204247924 | G67: 1092230657 | H67: 0.9601 | I67: 0.093 | J67: 60 | K67: 59 | L67: 44305 | M67: PCGP | N67: 170001470 | O67: 65739846 | P67: 55997160 | Q67: 0.3867 | R67: 0.1482 | S67: 76 | T67: 75 | U67: 44305 | V67: PCGP
A68: P68 | B68: P68-seq68G | C68: Germline | D68: 2008 | E68: 1224702808 | F68: 1172592954 | G68: 1053711383 | H68: 0.9575 | I68: 0.1014 | J68: 55 | K68: 55 | L68: 44305 | M68: PCGP | N68: na | O68: na | P68: na | Q68: na | R68: na | S68: na | T68: na | U68: na | V68: na
A69: P68 | B69: P68-d132 | C69: Relapse1 | D69: 2008 | E69: 1053502598 | F69: 1007735532 | G69: 913546827 | H69: 0.9566 | I69: 0.0935 | J69: 48 | K69: 48 | L69: 44305 | M69: PCGP | N69: na | O69: na | P69: na | Q69: na | R69: na | S69: na | T69: na | U69: na | V69: na
A70: P121 | B70: P121-d0 | C70: Diagnosis | D70: 2009 | E70: 889983930 | F70: 848171577 | G70: 669800818 | H70: 0.953 | I70: 0.2103 | J70: 37 | K70: 36 | L70: 44963 | M70: PCGP (SV) & CAB (CNA,SNV) | N70: 96781252 | O70: 36432692 | P70: 31989333 | Q70: 0.3764 | R70: 0.122 | S70: 44 | T70: 41 | U70: 44963 | V70: CAB
A71: P121 | B71: P121-d622 | C71: Relapse1 | D71: 2010 | E71: 803721658 | F71: 766917545 | G71: 606968980 | H71: 0.9542 | I71: 0.2086 | J71: 36 | K71: 34 | L71: 44963 | M71: PCGP (SV) & CAB (CNA,SNV) | N71: na | O71: na | P71: na | Q71: na | R71: na | S71: na | T71: na | U71: na | V71: na
A72: P122 | B72: P122-d424 | C72: Relapse1 | D72: 2013 | E72: 760074430 | F72: 725355501 | G72: 551003323 | H72: 0.9543 | I72: 0.2404 | J72: 30 | K72: 29 | L72: 44963 | M72: PCGP | N72: 127153542 | O72: 46214518 | P72: 39115467 | Q72: 0.3635 | R72: 0.1536 | S72: 56 | T72: 52 | U72: 44963 | V72: CAB
A73: P123 | B73: P123-d0 | C73: Diagnosis | D73: 2002 | E73: 952485044 | F73: 903450055 | G73: 694669604 | H73: 0.9485 | I73: 0.2311 | J73: 41 | K73: 38 | L73: 44963 | M73: PCGP | N73: 108378332 | O73: 43895299 | P73: 38666293 | Q73: 0.405 | R73: 0.1191 | S73: 49 | T73: 41 | U73: 44963 | V73: CAB
A74: P123 | B74: P123-d178 | C74: Relapse1 | D74: 2003 | E74: 883846004 | F74: 844142966 | G74: 649939257 | H74: 0.9551 | I74: 0.2301 | J74: 33 | K74: 33 | L74: 44963 | M74: PCGP | N74: 93673880 | O74: 34306361 | P74: 29957453 | Q74: 0.3662 | R74: 0.1268 | S74: 42 | T74: 41 | U74: 44963 | V74: CAB
A75: P124 | B75: P124-d0 | C75: Diagnosis | D75: 2002 | E75: na | F75: na | G75: na | H75: na | I75: na | J75: na | K75: na | L75: na | M75: na | N75: 84345298 | O75: 83462586 | P75: 77045989 | Q75: 0.9895 | R75: 0.0769 | S75: 99 | T75: 84 | U75: Agraz-Doblas, A. et al | V75: PCGP
A76: P124 | B76: P124-d999 | C76: Relapse1 | D76: 2005 | E76: 921435764 | F76: 869554166 | G76: 690970564 | H76: 0.9437 | I76: 0.2054 | J76: 39 | K76: 37 | L76: 44963 | M76: PCGP (SV,SNV) & CAB (CNA) | N76: 80053712 | O76: 79594944 | P76: 75610650 | Q76: 0.9943 | R76: 0.0501 | S76: 94 | T76: 86 | U76: Agraz-Doblas, A. et al | V76: PCGP
A77: P125 | B77: P125-d0 | C77: Diagnosis | D77: 2005 | E77: 1196313982 | F77: 1125107315 | G77: 834967889 | H77: 0.9405 | I77: 0.2579 | J77: 49 | K77: 45 | L77: 44963 | M77: PCGP | N77: 118258020 | O77: 43575272 | P77: 37512093 | Q77: 0.3685 | R77: 0.1391 | S77: 54 | T77: 47 | U77: 44963 | V77: CAB
A78: P125 | B78: P125-d729 | C78: Relapse1 | D78: 2007 | E78: 863031204 | F78: 819858988 | G78: 600268489 | H78: 0.95 | I78: 0.2678 | J78: 30 | K78: 30 | L78: 44963 | M78: PCGP | N78: 104947420 | O78: 39387191 | P78: 34183464 | Q78: 0.3753 | R78: 0.1321 | S78: 47 | T78: 45 | U78: 44963 | V78: CAB
A79: P126 | B79: P126-d0 | C79: Diagnosis | D79: 2006 | E79: 1092099088 | F79: 1029816891 | G79: 691577388 | H79: 0.943 | I79: 0.3284 | J79: 43 | K79: 38 | L79: 44963 | M79: PCGP | N79: 72545652 | O79: 27540173 | P79: 24443836 | Q79: 0.3796 | R79: 0.1124 | S79: 31 | T79: 24 | U79: 44963 | V79: CAB
A80: P126 | B80: P126-d139 | C80: Relapse1 | D80: 2006 | E80: 857232546 | F80: 793029785 | G80: 497626016 | H80: 0.9251 | I80: 0.3725 | J80: 35 | K80: 25 | L80: 44963 | M80: PCGP | N80: 76506628 | O80: 28360298 | P80: 25085783 | Q80: 0.3707 | R80: 0.1155 | S80: 33 | T80: 21 | U80: 44963 | V80: CAB
A81: P128 | B81: P128-d182 | C81: Relapse1 | D81: 2010 | E81: 961456830 | F81: 911607398 | G81: 561351308 | H81: 0.9482 | I81: 0.3842 | J81: 33 | K81: 29 | L81: 44963 | M81: PCGP | N81: 101315726 | O81: 38243891 | P81: 33438674 | Q81: 0.3775 | R81: 0.1256 | S81: 44 | T81: 37 | U81: 44963 | V81: CAB
A82: P129 | B82: P129-d253 | C82: Relapse1 | D82: 2010 | E82: 847586544 | F82: 808896664 | G82: 573910979 | H82: 0.9544 | I82: 0.2905 | J82: 34 | K82: 31 | L82: 44963 | M82: PCGP | N82: 98873988 | O82: 37513644 | P82: 33077884 | Q82: 0.3794 | R82: 0.1182 | S82: 45 | T82: 40 | U82: 44963 | V82: CAB
A83: P130 | B83: P130-d0 | C83: Diagnosis | D83: 2011 | E83: na | F83: na | G83: na | H83: na | I83: na | J83: na | K83: na | L83: na | M83: na | N83: 79598762 | O83: 78928816 | P83: 76894728 | Q83: 0.9916 | R83: 0.0258 | S83: 100 | T83: 93 | U83: Agraz-Doblas, A. et al | V83: PCGP
A84: P130 | B84: P130-d346 | C84: Relapse1 | D84: 2012 | E84: 1122536888 | F84: 1048525319 | G84: 397114962 | H84: 0.9341 | I84: 0.6213 | J84: 23 | K84: 19 | L84: 44963 | M84: CAB | N84: 95026140 | O84: 37070393 | P84: 32574775 | Q84: 0.3901 | R84: 0.1213 | S84: 40 | T84: 30 | U84: 44963 | V84: PCGP
A85: P127 | B85: P127-d0 | C85: Diagnosis | D85: 2009 | E85: na | F85: na | G85: na | H85: na | I85: na | J85: na | K85: na | L85: na | M85: na | N85: 83197016 | O85: 81819811 | P85: 78684720 | Q85: 0.9834 | R85: 0.0383 | S85: 104 | T85: 82 | U85: Agraz-Doblas, A. et al | V85: PCGP
A86: P127 | B86: P127-d33 | C86: Germline | D86: 2010 | E86: na | F86: na | G86: na | H86: na | I86: na | J86: na | K86: na | L86: na | M86: na | N86: 77280438 | O86: 76764910 | P86: 74461258 | Q86: 0.9933 | R86: 0.03 | S86: 93 | T86: 86 | U86: Agraz-Doblas, A. et al | V86: PCGP
A87: P127 | B87: P127-d211 | C87: Relapse1 | D87: 2010 | E87: 885214258 | F87: 833291378 | G87: 581576677 | H87: 0.9413 | I87: 0.3021 | J87: 34 | K87: 31 | L87: 44963 | M87: CAB | N87: 81033376 | O87: 80005933 | P87: 75865228 | Q87: 0.9873 | R87: 0.0518 | S87: 99 | T87: 87 | U87: Agraz-Doblas, A. et al | V87: PCGP
A88: P70 | B88: P70-d0 | C88: Diagnosis | D88: 2014 | E88: na | F88: na | G88: na | H88: na | I88: na | J88: na | K88: na | L88: na | M88: na | N88: 169160234 | O88: 140732964 | P88: 123866966 | Q88: 0.832 | R88: 0.1198 | S88: 158 | T88: 144 | U88: 42864 | V88: PCGP
A89: P70 | B89: P70-seq70G | C89: Germline | D89: 2015 | E89: na | F89: na | G89: na | H89: na | I89: na | J89: na | K89: na | L89: na | M89: na | N89: 138534504 | O89: 118060829 | P89: 104809041 | Q89: 0.8522 | R89: 0.1122 | S89: 133 | T89: 121 | U89: 42864 | V89: PCGP
A90: P70 | B90: P70-d337 | C90: Relapse1 | D90: 2015 | E90: na | F90: na | G90: na | H90: na | I90: na | J90: na | K90: na | L90: na | M90: na | N90: 146237656 | O90: 125151848 | P90: 110392517 | Q90: 0.8558 | R90: 0.1179 | S90: 138 | T90: 125 | U90: 42864 | V90: CAB
A91: P133 | B91: P133-d0 | C91: Diagnosis | D91: 2020 | E91: 1209154175 | F91: 1207319362 | G91: 946351128 | H91: 0.99848256 | I91: 0.2161551 | J91: 57.6555 | K91: 58 | L91: 44963 | M91: Yang, M. et al | N91: 162465490 | O91: 162232683 | P91: 143138941 | Q91: 0.99856704 | R91: 0.11769356 | S91: 236.614 | T91: 224 | U91: 44963 | V91: Yang, M. et al
A92: P133 | B92: P133-d15 | C92: Germline | D92: 2020 | E92: 671497137 | F92: 670669541 | G92: 529077013 | H92: 0.99876754 | I92: 0.21112115 | J92: 32.0636 | K92: 32 | L92: 44963 | M92: Yang, M. et al | N92: na | O92: na | P92: na | Q92: na | R92: na | S92: na | T92: na | U92: na | V92: na
A93: P133 | B93: P133-d472 | C93: Relapse1 | D93: 2021 | E93: 943141774 | F93: 940931957 | G93: 628500486 | H93: 0.99765696 | I93: 0.3320447 | J93: 44.9355 | K93: 45 | L93: 44963 | M93: Yang, M. et al | N93: 102897377 | O93: 102791587 | P93: 92437127 | Q93: 0.99897189 | R93: 0.10073256 | S93: 167.714 | T93: 158 | U93: 44963 | V93: Yang, M. et al
A94: P135 | B94: P135-D1 | C94: Diagnosis | D94: na | E94: 921420870 | F94: 884577353 | G94: 863451227 | H94: 0.96 | I94: 0.0239 | J94: 26 | K94: 26 | L94: na | M94: PCGP | N94: na | O94: na | P94: na | Q94: na | R94: na | S94: na | T94: na | U94: na | V94: na
A95: P135 | B95: P135-G1 | C95: Germline | D95: na | E95: 1399031602 | F95: 1312101075 | G95: 1264578517 | H95: 0.9379 | I95: 0.0362 | J95: 37 | K95: 36 | L95: na | M95: PCGP | N95: na | O95: na | P95: na | Q95: na | R95: na | S95: na | T95: na | U95: na | V95: na
A96: P135 | B96: P135-D6 | C96: Relapse1 | D96: na | E96: 1226166610 | F96: 1182358351 | G96: 1146327262 | H96: 0.9643 | I96: 0.0305 | J96: 37 | K96: 37 | L96: na | M96: PCGP | N96: na | O96: na | P96: na | Q96: na | R96: na | S96: na | T96: na | U96: na | V96: na
A97: P136 | B97: P136-d0 | C97: Diagnosis | D97: na | E97: 975340654 | F97: 938129302 | G97: 907717627 | H97: 0.9618 | I97: 0.0324 | J97: 29 | K97: 29 | L97: na | M97: PCGP | N97: na | O97: na | P97: na | Q97: na | R97: na | S97: na | T97: na | U97: na | V97: na
A98: P136 | B98: P136-G1 | C98: Germline | D98: na | E98: 1144449022 | F98: 1095411579 | G98: 1067129353 | H98: 0.9572 | I98: 0.0258 | J98: 33 | K98: 33 | L98: na | M98: PCGP | N98: na | O98: na | P98: na | Q98: na | R98: na | S98: na | T98: na | U98: na | V98: na
A99: P136 | B99: P136-D3 | C99: Relapse1 | D99: na | E99: 1055538986 | F99: 1016519841 | G99: 984049844 | H99: 0.963 | I99: 0.0319 | J99: 32 | K99: 32 | L99: na | M99: PCGP | N99: na | O99: na | P99: na | Q99: na | R99: na | S99: na | T99: na | U99: na | V99: na
A100: P137 | B100: P137-d0 | C100: Diagnosis | D100: na | E100: 2247220116 | F100: 2235869005 | G100: 2150295603 | H100: 0.9949 | I100: 0.0381 | J100: 88.42 | K100: 91 | L100: na | M100: Dragen, Conserting CNA | N100: na | O100: na | P100: na | Q100: na | R100: na | S100: na | T100: na | U100: na | V100: na
A101: P137 | B101: P137-G1 | C101: Germline | D101: na | E101: 2057000840 | F101: 2044497438 | G101: 1965076064 | H101: 0.9939 | I101: 0.0386 | J101: 80.44 | K101: 84 | L101: na | M101: Dragen, Conserting CNA | N101: na | O101: na | P101: na | Q101: na | R101: na | S101: na | T101: na | U101: na | V101: na
...

Sheet SuppData3_MutationalandClonalP
A1: Supplementary Data 3: Mutations and Clonal Patterns
G3: Nonsynonymous | N3: Synonymous
A4: Patient | B4: Sample | C4: Sample type | D4: Disease | E4: Group | F4: Total coding mutations | G4: Total nonsynonymous | H4: missense | I4: nonsense | J4: splice | K4: Indel | L4: exon | M4: splice_region | N4: Total synonymous | O4: UTR_3 | P4: UTR_5 | Q4: silent | R4: Noncoding mutations | S4: Total mutations | T4: Relapse specific | U4: Structural variants | V4: Overlap | W4: Copy Number Alterations | X4: Clonal Pattern
A5: P3 | B5: P3-d0 | C5: Diagnosis | D5: B-ALL | E5: Early | F5: =G5+N5 -> 5 | G5: =SUM(H5:M5) -> 4 | H5: =COUNTIFS(SuppData4_SNVINDEL!$B:$B,SuppData3_MutationalandClonalP!$B5,SuppData4_SNVINDEL!$F:$F,SuppData3_MutationalandClonalP!H$4) -> 4 | I5: =COUNTIFS(SuppData4_SNVINDEL!$B:$B,SuppData3_MutationalandClonalP!$B5,SuppData4_SNVINDEL!$F:$F,SuppData3_MutationalandClonalP!I$4) -> 0 | J5: =COUNTIFS(SuppData4_SNVINDEL!$B:$B,SuppData3_MutationalandClonalP!$B5,SuppData4_SNVINDEL!$F:$F,SuppData3_MutationalandClonalP!J$4) -> 0 | K5: =COUNTIFS(SuppData4_SNVINDEL!$B:$B,SuppData3_MutationalandClonalP!$B5,SuppData4_SNVINDEL!$F:$F,SuppData3_MutationalandClonalP!K$4) -> 0 | L5: =COUNTIFS(SuppData4_SNVINDEL!$B:$B,SuppData3_MutationalandClonalP!$B5,SuppData4_SNVINDEL!$F:$F,SuppData3_MutationalandClonalP!L$4) -> 0 | M5: =COUNTIFS(SuppData4_SNVINDEL!$B:$B,SuppData3_MutationalandClonalP!$B5,SuppData4_SNVINDEL!$F:$F,SuppData3_MutationalandClonalP!M$4) -> 0 | N5: =SUM(O5:Q5) -> 1 | O5: =COUNTIFS(SuppData4_SNVINDEL!$B:$B,SuppData3_MutationalandClonalP!$B5,SuppData4_SNVINDEL!$F:$F,SuppData3_MutationalandClonalP!O$4) -> 1 | P5: =COUNTIFS(SuppData4_SNVINDEL!$B:$B,SuppData3_MutationalandClonalP!$B5,SuppData4_SNVINDEL!$F:$F,SuppData3_MutationalandClonalP!P$4) -> 0 | Q5: =COUNTIFS(SuppData4_SNVINDEL!$B:$B,SuppData3_MutationalandClonalP!$B5,SuppData4_SNVINDEL!$F:$F,SuppData3_MutationalandClonalP!Q$4) -> 0 | R5: 190 | S5: =IFERROR(R5+F5,F5) -> 195 | T5: na | U5: =COUNTIFS(SuppData6_SV!A:A,SuppData3_MutationalandClonalP!B5,SuppData6_SV!U:U,"<>Yes") -> 2 | V5: =COUNTIFS(SuppData6_SV!A:A,SuppData3_MutationalandClonalP!B5,SuppData6_SV!U:U,"Yes") -> 0 | W5: =COUNTIFS(SuppData5_CNA!C:C,SuppData3_MutationalandClonalP!B5,SuppData5_CNA!H:H,"<>none") -> 0 | X5: Single clone seed relapse†
A6: P3 | B6: P3-d396 | C6: Relapse1 | D6: B-ALL | E6: Early | F6: =G6+N6 -> 33 | G6: =SUM(H6:M6) -> 19 | H6: =COUNTIFS(SuppData4_SNVINDEL!$B:$B,SuppData3_MutationalandClonalP!$B6,SuppData4_SNVINDEL!$F:$F,SuppData3_MutationalandClonalP!H$4) -> 12 | I6: =COUNTIFS(SuppData4_SNVINDEL!$B:$B,SuppData3_MutationalandClonalP!$B6,SuppData4_SNVINDEL!$F:$F,SuppData3_MutationalandClonalP!I$4) -> 2 | J6: =COUNTIFS(SuppData4_SNVINDEL!$B:$B,SuppData3_MutationalandClonalP!$B6,SuppData4_SNVINDEL!$F:$F,SuppData3_MutationalandClonalP!J$4) -> 0 | K6: =COUNTIFS(SuppData4_SNVINDEL!$B:$B,SuppData3_MutationalandClonalP!$B6,SuppData4_SNVINDEL!$F:$F,SuppData3_MutationalandClonalP!K$4) -> 2 | L6: =COUNTIFS(SuppData4_SNVINDEL!$B:$B,SuppData3_MutationalandClonalP!$B6,SuppData4_SNVINDEL!$F:$F,SuppData3_MutationalandClonalP!L$4) -> 2 | M6: =COUNTIFS(SuppData4_SNVINDEL!$B:$B,SuppData3_MutationalandClonalP!$B6,SuppData4_SNVINDEL!$F:$F,SuppData3_MutationalandClonalP!M$4) -> 1 | N6: =SUM(O6:Q6) -> 14 | O6: =COUNTIFS(SuppData4_SNVINDEL!$B:$B,SuppData3_MutationalandClonalP!$B6,SuppData4_SNVINDEL!$F:$F,SuppData3_MutationalandClonalP!O$4) -> 10 | P6: =COUNTIFS(SuppData4_SNVINDEL!$B:$B,SuppData3_MutationalandClonalP!$B6,SuppData4_SNVINDEL!$F:$F,SuppData3_MutationalandClonalP!P$4) -> 1 | Q6: =COUNTIFS(SuppData4_SNVINDEL!$B:$B,SuppData3_MutationalandClonalP!$B6,SuppData4_SNVINDEL!$F:$F,SuppData3_MutationalandClonalP!Q$4) -> 3 | R6: 784 | S6: =IFERROR(R6+F6,F6) -> 817 | T6: 747 | U6: =COUNTIFS(SuppData6_SV!A:A,SuppData3_MutationalandClonalP!B6,SuppData6_SV!U:U,"<>Yes") -> 2 | V6: =COUNTIFS(SuppData6_SV!A:A,SuppData3_MutationalandClonalP!B6,SuppData6_SV!U:U,"Yes") -> 0 | W6: =COUNTIFS(SuppData5_CNA!C:C,SuppData3_MutationalandClonalP!B6,SuppData5_CNA!H:H,"<>none") -> 2
A7: P11 | B7: P11-d0 | C7: Diagnosis | D7: B-ALL | E7: Very early | F7: =G7+N7 -> 13 | G7: =SUM(H7:M7) -> 11 | H7: =COUNTIFS(SuppData4_SNVINDEL!$B:$B,SuppData3_MutationalandClonalP!$B7,SuppData4_SNVINDEL!$F:$F,SuppData3_MutationalandClonalP!H$4) -> 1 | I7: =COUNTIFS(SuppData4_SNVINDEL!$B:$B,SuppData3_MutationalandClonalP!$B7,SuppData4_SNVINDEL!$F:$F,SuppData3_MutationalandClonalP!I$4) -> 0 | J7: =COUNTIFS(SuppData4_SNVINDEL!$B:$B,SuppData3_MutationalandClonalP!$B7,SuppData4_SNVINDEL!$F:$F,SuppData3_MutationalandClonalP!J$4) -> 0 | K7: =COUNTIFS(SuppData4_SNVINDEL!$B:$B,SuppData3_MutationalandClonalP!$B7,SuppData4_SNVINDEL!$F:$F,SuppData3_MutationalandClonalP!K$4) -> 10 | L7: =COUNTIFS(SuppData4_SNVINDEL!$B:$B,SuppData3_MutationalandClonalP!$B7,SuppData4_SNVINDEL!$F:$F,SuppData3_MutationalandClonalP!L$4) -> 0 | M7: =COUNTIFS(SuppData4_SNVINDEL!$B:$B,SuppData3_MutationalandClonalP!$B7,SuppData4_SNVINDEL!$F:$F,SuppData3_MutationalandClonalP!M$4) -> 0 | N7: =SUM(O7:Q7) -> 2 | O7: =COUNTIFS(SuppData4_SNVINDEL!$B:$B,SuppData3_MutationalandClonalP!$B7,SuppData4_SNVINDEL!$F:$F,SuppData3_MutationalandClonalP!O$4) -> 1 | P7: =COUNTIFS(SuppData4_SNVINDEL!$B:$B,SuppData3_MutationalandClonalP!$B7,SuppData4_SNVINDEL!$F:$F,SuppData3_MutationalandClonalP!P$4) -> 0 | Q7: =COUNTIFS(SuppData4_SNVINDEL!$B:$B,SuppData3_MutationalandClonalP!$B7,SuppData4_SNVINDEL!$F:$F,SuppData3_MutationalandClonalP!Q$4) -> 1 | R7: 405 | S7: =IFERROR(R7+F7,F7) -> 418 | T7: na | U7: =COUNTIFS(SuppData6_SV!A:A,SuppData3_MutationalandClonalP!B7,SuppData6_SV!U:U,"<>Yes") -> 5 | V7: =COUNTIFS(SuppData6_SV!A:A,SuppData3_MutationalandClonalP!B7,SuppData6_SV!U:U,"Yes") -> 0 | W7: =COUNTIFS(SuppData5_CNA!C:C,SuppData3_MutationalandClonalP!B7,SuppData5_CNA!H:H,"<>none") -> 0 | X7: Mulitple clones seed relapse
A8: P11 | B8: P11-d223 | C8: Relapse1 | D8: B-ALL | E8: Very early | F8: =G8+N8 -> 158 | G8: =SUM(H8:M8) -> 78 | H8: =COUNTIFS(SuppData4_SNVINDEL!$B:$B,SuppData3_MutationalandClonalP!$B8,SuppData4_SNVINDEL!$F:$F,SuppData3_MutationalandClonalP!H$4) -> 59 | I8: =COUNTIFS(SuppData4_SNVINDEL!$B:$B,SuppData3_MutationalandClonalP!$B8,SuppData4_SNVINDEL!$F:$F,SuppData3_MutationalandClonalP!I$4) -> 3 | J8: =COUNTIFS(SuppData4_SNVINDEL!$B:$B,SuppData3_MutationalandClonalP!$B8,SuppData4_SNVINDEL!$F:$F,SuppData3_MutationalandClonalP!J$4) -> 3 | K8: =COUNTIFS(SuppData4_SNVINDEL!$B:$B,SuppData3_MutationalandClonalP!$B8,SuppData4_SNVINDEL!$F:$F,SuppData3_MutationalandClonalP!K$4) -> 4 | L8: =COUNTIFS(SuppData4_SNVINDEL!$B:$B,SuppData3_MutationalandClonalP!$B8,SuppData4_SNVINDEL!$F:$F,SuppData3_MutationalandClonalP!L$4) -> 2 | M8: =COUNTIFS(SuppData4_SNVINDEL!$B:$B,SuppData3_MutationalandClonalP!$B8,SuppData4_SNVINDEL!$F:$F,SuppData3_MutationalandClonalP!M$4) -> 7 | N8: =SUM(O8:Q8) -> 80 | O8: =COUNTIFS(SuppData4_SNVINDEL!$B:$B,SuppData3_MutationalandClonalP!$B8,SuppData4_SNVINDEL!$F:$F,SuppData3_MutationalandClonalP!O$4) -> 38 | P8: =COUNTIFS(SuppData4_SNVINDEL!$B:$B,SuppData3_MutationalandClonalP!$B8,SuppData4_SNVINDEL!$F:$F,SuppData3_MutationalandClonalP!P$4) -> 9 | Q8: =COUNTIFS(SuppData4_SNVINDEL!$B:$B,SuppData3_MutationalandClonalP!$B8,SuppData4_SNVINDEL!$F:$F,SuppData3_MutationalandClonalP!Q$4) -> 33 | R8: 6288 | S8: =IFERROR(R8+F8,F8) -> 6446 | T8: 6364 | U8: =COUNTIFS(SuppData6_SV!A:A,SuppData3_MutationalandClonalP!B8,SuppData6_SV!U:U,"<>Yes") -> 4 | V8: =COUNTIFS(SuppData6_SV!A:A,SuppData3_MutationalandClonalP!B8,SuppData6_SV!U:U,"Yes") -> 0 | W8: =COUNTIFS(SuppData5_CNA!C:C,SuppData3_MutationalandClonalP!B8,SuppData5_CNA!H:H,"<>none") -> 3
A9: P12 | B9: P12-d0 | C9: Diagnosis | D9: B-ALL | E9: Very early | F9: =G9+N9 -> 4 | G9: =SUM(H9:M9) -> 2 | H9: =COUNTIFS(SuppData4_SNVINDEL!$B:$B,SuppData3_MutationalandClonalP!$B9,SuppData4_SNVINDEL!$F:$F,SuppData3_MutationalandClonalP!H$4) -> 1 | I9: =COUNTIFS(SuppData4_SNVINDEL!$B:$B,SuppData3_MutationalandClonalP!$B9,SuppData4_SNVINDEL!$F:$F,SuppData3_MutationalandClonalP!I$4) -> 0 | J9: =COUNTIFS(SuppData4_SNVINDEL!$B:$B,SuppData3_MutationalandClonalP!$B9,SuppData4_SNVINDEL!$F:$F,SuppData3_MutationalandClonalP!J$4) -> 0 | K9: =COUNTIFS(SuppData4_SNVINDEL!$B:$B,SuppData3_MutationalandClonalP!$B9,SuppData4_SNVINDEL!$F:$F,SuppData3_MutationalandClonalP!K$4) -> 0 | L9: =COUNTIFS(SuppData4_SNVINDEL!$B:$B,SuppData3_MutationalandClonalP!$B9,SuppData4_SNVINDEL!$F:$F,SuppData3_MutationalandClonalP!L$4) -> 1 | M9: =COUNTIFS(SuppData4_SNVINDEL!$B:$B,SuppData3_MutationalandClonalP!$B9,SuppData4_SNVINDEL!$F:$F,SuppData3_MutationalandClonalP!M$4) -> 0 | N9: =SUM(O9:Q9) -> 2 | O9: =COUNTIFS(SuppData4_SNVINDEL!$B:$B,SuppData3_MutationalandClonalP!$B9,SuppData4_SNVINDEL!$F:$F,SuppData3_MutationalandClonalP!O$4) -> 1 | P9: =COUNTIFS(SuppData4_SNVINDEL!$B:$B,SuppData3_MutationalandClonalP!$B9,SuppData4_SNVINDEL!$F:$F,SuppData3_MutationalandClonalP!P$4) -> 0 | Q9: =COUNTIFS(SuppData4_SNVINDEL!$B:$B,SuppData3_MutationalandClonalP!$B9,SuppData4_SNVINDEL!$F:$F,SuppData3_MutationalandClonalP!Q$4) -> 1 | R9: 27 | S9: =IFERROR(R9+F9,F9) -> 31 | T9: na | U9: =COUNTIFS(SuppData6_SV!A:A,SuppData3_MutationalandClonalP!B9,SuppData6_SV!U:U,"<>Yes") -> 2 | V9: =COUNTIFS(SuppData6_SV!A:A,SuppData3_MutationalandClonalP!B9,SuppData6_SV!U:U,"Yes") -> 0 | W9: =COUNTIFS(SuppData5_CNA!C:C,SuppData3_MutationalandClonalP!B9,SuppData5_CNA!H:H,"<>none") -> 0
A10: P12 | B10: P12-d175 | C10: Relapse1 | D10: B-ALL | E10: Very early | F10: =G10+N10 -> 1 | G10: =SUM(H10:M10) -> 1 | H10: =COUNTIFS(SuppData4_SNVINDEL!$B:$B,SuppData3_MutationalandClonalP!$B10,SuppData4_SNVINDEL!$F:$F,SuppData3_MutationalandClonalP!H$4) -> 0 | I10: =COUNTIFS(SuppData4_SNVINDEL!$B:$B,SuppData3_MutationalandClonalP!$B10,SuppData4_SNVINDEL!$F:$F,SuppData3_MutationalandClonalP!I$4) -> 0 | J10: =COUNTIFS(SuppData4_SNVINDEL!$B:$B,SuppData3_MutationalandClonalP!$B10,SuppData4_SNVINDEL!$F:$F,SuppData3_MutationalandClonalP!J$4) -> 0 | K10: =COUNTIFS(SuppData4_SNVINDEL!$B:$B,SuppData3_MutationalandClonalP!$B10,SuppData4_SNVINDEL!$F:$F,SuppData3_MutationalandClonalP!K$4) -> 1 | L10: =COUNTIFS(SuppData4_SNVINDEL!$B:$B,SuppData3_MutationalandClonalP!$B10,SuppData4_SNVINDEL!$F:$F,SuppData3_MutationalandClonalP!L$4) -> 0 | M10: =COUNTIFS(SuppData4_SNVINDEL!$B:$B,SuppData3_MutationalandClonalP!$B10,SuppData4_SNVINDEL!$F:$F,SuppData3_MutationalandClonalP!M$4) -> 0 | N10: =SUM(O10:Q10) -> 0 | O10: =COUNTIFS(SuppData4_SNVINDEL!$B:$B,SuppData3_MutationalandClonalP!$B10,SuppData4_SNVINDEL!$F:$F,SuppData3_MutationalandClonalP!O$4) -> 0 | P10: =COUNTIFS(SuppData4_SNVINDEL!$B:$B,SuppData3_MutationalandClonalP!$B10,SuppData4_SNVINDEL!$F:$F,SuppData3_MutationalandClonalP!P$4) -> 0 | Q10: =COUNTIFS(SuppData4_SNVINDEL!$B:$B,SuppData3_MutationalandClonalP!$B10,SuppData4_SNVINDEL!$F:$F,SuppData3_MutationalandClonalP!Q$4) -> 0 | R10: na | S10: =IFERROR(R10+F10,F10) -> 1 | T10: na | U10: na | V10: na | W10: =COUNTIFS(SuppData5_CNA!C:C,SuppData3_MutationalandClonalP!B10,SuppData5_CNA!H:H,"<>none") -> 0
A11: P17 | B11: P17-d0 | C11: Diagnosis | D11: B-ALL | E11: Early | F11: =G11+N11 -> 8 | G11: =SUM(H11:M11) -> 3 | H11: =COUNTIFS(SuppData4_SNVINDEL!$B:$B,SuppData3_MutationalandClonalP!$B11,SuppData4_SNVINDEL!$F:$F,SuppData3_MutationalandClonalP!H$4) -> 3 | I11: =COUNTIFS(SuppData4_SNVINDEL!$B:$B,SuppData3_MutationalandClonalP!$B11,SuppData4_SNVINDEL!$F:$F,SuppData3_MutationalandClonalP!I$4) -> 0 | J11: =COUNTIFS(SuppData4_SNVINDEL!$B:$B,SuppData3_MutationalandClonalP!$B11,SuppData4_SNVINDEL!$F:$F,SuppData3_MutationalandClonalP!J$4) -> 0 | K11: =COUNTIFS(SuppData4_SNVINDEL!$B:$B,SuppData3_MutationalandClonalP!$B11,SuppData4_SNVINDEL!$F:$F,SuppData3_MutationalandClonalP!K$4) -> 0 | L11: =COUNTIFS(SuppData4_SNVINDEL!$B:$B,SuppData3_MutationalandClonalP!$B11,SuppData4_SNVINDEL!$F:$F,SuppData3_MutationalandClonalP!L$4) -> 0 | M11: =COUNTIFS(SuppData4_SNVINDEL!$B:$B,SuppData3_MutationalandClonalP!$B11,SuppData4_SNVINDEL!$F:$F,SuppData3_MutationalandClonalP!M$4) -> 0 | N11: =SUM(O11:Q11) -> 5 | O11: =COUNTIFS(SuppData4_SNVINDEL!$B:$B,SuppData3_MutationalandClonalP!$B11,SuppData4_SNVINDEL!$F:$F,SuppData3_MutationalandClonalP!O$4) -> 2 | P11: =COUNTIFS(SuppData4_SNVINDEL!$B:$B,SuppData3_MutationalandClonalP!$B11,SuppData4_SNVINDEL!$F:$F,SuppData3_MutationalandClonalP!P$4) -> 1 | Q11: =COUNTIFS(SuppData4_SNVINDEL!$B:$B,SuppData3_MutationalandClonalP!$B11,SuppData4_SNVINDEL!$F:$F,SuppData3_MutationalandClonalP!Q$4) -> 2 | R11: 248 | S11: =IFERROR(R11+F11,F11) -> 256 | T11: na | U11: =COUNTIFS(SuppData6_SV!A:A,SuppData3_MutationalandClonalP!B11,SuppData6_SV!U:U,"<>Yes") -> 4 | V11: =COUNTIFS(SuppData6_SV!A:A,SuppData3_MutationalandClonalP!B11,SuppData6_SV!U:U,"Yes") -> 0 | W11: =COUNTIFS(SuppData5_CNA!C:C,SuppData3_MutationalandClonalP!B11,SuppData5_CNA!H:H,"<>none") -> 0 | X11: Single clone seed relapse
A12: P17 | B12: P17-d470 | C12: Relapse1 | D12: B-ALL | E12: Early | F12: =G12+N12 -> 374 | G12: =SUM(H12:M12) -> 195 | H12: =COUNTIFS(SuppData4_SNVINDEL!$B:$B,SuppData3_MutationalandClonalP!$B12,SuppData4_SNVINDEL!$F:$F,SuppData3_MutationalandClonalP!H$4) -> 137 | I12: =COUNTIFS(SuppData4_SNVINDEL!$B:$B,SuppData3_MutationalandClonalP!$B12,SuppData4_SNVINDEL!$F:$F,SuppData3_MutationalandClonalP!I$4) -> 4 | J12: =COUNTIFS(SuppData4_SNVINDEL!$B:$B,SuppData3_MutationalandClonalP!$B12,SuppData4_SNVINDEL!$F:$F,SuppData3_MutationalandClonalP!J$4) -> 8 | K12: =COUNTIFS(SuppData4_SNVINDEL!$B:$B,SuppData3_MutationalandClonalP!$B12,SuppData4_SNVINDEL!$F:$F,SuppData3_MutationalandClonalP!K$4) -> 13 | L12: =COUNTIFS(SuppData4_SNVINDEL!$B:$B,SuppData3_MutationalandClonalP!$B12,SuppData4_SNVINDEL!$F:$F,SuppData3_MutationalandClonalP!L$4) -> 18 | M12: =COUNTIFS(SuppData4_SNVINDEL!$B:$B,SuppData3_MutationalandClonalP!$B12,SuppData4_SNVINDEL!$F:$F,SuppData3_MutationalandClonalP!M$4) -> 15 | N12: =SUM(O12:Q12) -> 179 | O12: =COUNTIFS(SuppData4_SNVINDEL!$B:$B,SuppData3_MutationalandClonalP!$B12,SuppData4_SNVINDEL!$F:$F,SuppData3_MutationalandClonalP!O$4) -> 94 | P12: =COUNTIFS(SuppData4_SNVINDEL!$B:$B,SuppData3_MutationalandClonalP!$B12,SuppData4_SNVINDEL!$F:$F,SuppData3_MutationalandClonalP!P$4) -> 11 | Q12: =COUNTIFS(SuppData4_SNVINDEL!$B:$B,SuppData3_MutationalandClonalP!$B12,SuppData4_SNVINDEL!$F:$F,SuppData3_MutationalandClonalP!Q$4) -> 74 | R12: 6102 | S12: =IFERROR(R12+F12,F12) -> 6476 | T12: 6012 | U12: =COUNTIFS(SuppData6_SV!A:A,SuppData3_MutationalandClonalP!B12,SuppData6_SV!U:U,"<>Yes") -> 6 | V12: =COUNTIFS(SuppData6_SV!A:A,SuppData3_MutationalandClonalP!B12,SuppData6_SV!U:U,"Yes") -> 0 | W12: =COUNTIFS(SuppData5_CNA!C:C,SuppData3_MutationalandClonalP!B12,SuppData5_CNA!H:H,"<>none") -> 2
A13: P23 | B13: P23-d0 | C13: Diagnosis | D13: AML | E13: Early | F13: =G13+N13 -> 15 | G13: =SUM(H13:M13) -> 11 | H13: =COUNTIFS(SuppData4_SNVINDEL!$B:$B,SuppData3_MutationalandClonalP!$B13,SuppData4_SNVINDEL!$F:$F,SuppData3_MutationalandClonalP!H$4) -> 6 | I13: =COUNTIFS(SuppData4_SNVINDEL!$B:$B,SuppData3_MutationalandClonalP!$B13,SuppData4_SNVINDEL!$F:$F,SuppData3_MutationalandClonalP!I$4) -> 2 | J13: =COUNTIFS(SuppData4_SNVINDEL!$B:$B,SuppData3_MutationalandClonalP!$B13,SuppData4_SNVINDEL!$F:$F,SuppData3_MutationalandClonalP!J$4) -> 0 | K13: =COUNTIFS(SuppData4_SNVINDEL!$B:$B,SuppData3_MutationalandClonalP!$B13,SuppData4_SNVINDEL!$F:$F,SuppData3_MutationalandClonalP!K$4) -> 2 | L13: =COUNTIFS(SuppData4_SNVINDEL!$B:$B,SuppData3_MutationalandClonalP!$B13,SuppData4_SNVINDEL!$F:$F,SuppData3_MutationalandClonalP!L$4) -> 1 | M13: =COUNTIFS(SuppData4_SNVINDEL!$B:$B,SuppData3_MutationalandClonalP!$B13,SuppData4_SNVINDEL!$F:$F,SuppData3_MutationalandClonalP!M$4) -> 0 | N13: =SUM(O13:Q13) -> 4 | O13: =COUNTIFS(SuppData4_SNVINDEL!$B:$B,SuppData3_MutationalandClonalP!$B13,SuppData4_SNVINDEL!$F:$F,SuppData3_MutationalandClonalP!O$4) -> 0 | P13: =COUNTIFS(SuppData4_SNVINDEL!$B:$B,SuppData3_MutationalandClonalP!$B13,SuppData4_SNVINDEL!$F:$F,SuppData3_MutationalandClonalP!P$4) -> 1 | Q13: =COUNTIFS(SuppData4_SNVINDEL!$B:$B,SuppData3_MutationalandClonalP!$B13,SuppData4_SNVINDEL!$F:$F,SuppData3_MutationalandClonalP!Q$4) -> 3 | R13: 115 | S13: =IFERROR(R13+F13,F13) -> 130 | T13: na | U13: =COUNTIFS(SuppData6_SV!A:A,SuppData3_MutationalandClonalP!B13,SuppData6_SV!U:U,"<>Yes") -> 12 | V13: =COUNTIFS(SuppData6_SV!A:A,SuppData3_MutationalandClonalP!B13,SuppData6_SV!U:U,"Yes") -> 0 | W13: =COUNTIFS(SuppData5_CNA!C:C,SuppData3_MutationalandClonalP!B13,SuppData5_CNA!H:H,"<>none") -> 8 | X13: Mulitple clones seed relapse
A14: P23 | B14: P23-d103 | C14: Relapse1 | D14: AML | E14: Early | F14: =G14+N14 -> 18 | G14: =SUM(H14:M14) -> 11 | H14: =COUNTIFS(SuppData4_SNVINDEL!$B:$B,SuppData3_MutationalandClonalP!$B14,SuppData4_SNVINDEL!$F:$F,SuppData3_MutationalandClonalP!H$4) -> 7 | I14: =COUNTIFS(SuppData4_SNVINDEL!$B:$B,SuppData3_MutationalandClonalP!$B14,SuppData4_SNVINDEL!$F:$F,SuppData3_MutationalandClonalP!I$4) -> 2 | J14: =COUNTIFS(SuppData4_SNVINDEL!$B:$B,SuppData3_MutationalandClonalP!$B14,SuppData4_SNVINDEL!$F:$F,SuppData3_MutationalandClonalP!J$4) -> 0 | K14: =COUNTIFS(SuppData4_SNVINDEL!$B:$B,SuppData3_MutationalandClonalP!$B14,SuppData4_SNVINDEL!$F:$F,SuppData3_MutationalandClonalP!K$4) -> 2 | L14: =COUNTIFS(SuppData4_SNVINDEL!$B:$B,SuppData3_MutationalandClonalP!$B14,SuppData4_SNVINDEL!$F:$F,SuppData3_MutationalandClonalP!L$4) -> 0 | M14: =COUNTIFS(SuppData4_SNVINDEL!$B:$B,SuppData3_MutationalandClonalP!$B14,SuppData4_SNVINDEL!$F:$F,SuppData3_MutationalandClonalP!M$4) -> 0 | N14: =SUM(O14:Q14) -> 7 | O14: =COUNTIFS(SuppData4_SNVINDEL!$B:$B,SuppData3_MutationalandClonalP!$B14,SuppData4_SNVINDEL!$F:$F,SuppData3_MutationalandClonalP!O$4) -> 0 | P14: =COUNTIFS(SuppData4_SNVINDEL!$B:$B,SuppData3_MutationalandClonalP!$B14,SuppData4_SNVINDEL!$F:$F,SuppData3_MutationalandClonalP!P$4) -> 0 | Q14: =COUNTIFS(SuppData4_SNVINDEL!$B:$B,SuppData3_MutationalandClonalP!$B14,SuppData4_SNVINDEL!$F:$F,SuppData3_MutationalandClonalP!Q$4) -> 7 | R14: 285 | S14: =IFERROR(R14+F14,F14) -> 303 | T14: 233 | U14: =COUNTIFS(SuppData6_SV!A:A,SuppData3_MutationalandClonalP!B14,SuppData6_SV!U:U,"<>Yes") -> 19 | V14: =COUNTIFS(SuppData6_SV!A:A,SuppData3_MutationalandClonalP!B14,SuppData6_SV!U:U,"Yes") -> 0 | W14: =COUNTIFS(SuppData5_CNA!C:C,SuppData3_MutationalandClonalP!B14,SuppData5_CNA!H:H,"<>none") -> 16
A15: P24 | B15: P24-d0 | C15: Diagnosis | D15: AML | E15: Late | F15: =G15+N15 -> 15 | G15: =SUM(H15:M15) -> 11 | H15: =COUNTIFS(SuppData4_SNVINDEL!$B:$B,SuppData3_MutationalandClonalP!$B15,SuppData4_SNVINDEL!$F:$F,SuppData3_MutationalandClonalP!H$4) -> 4 | I15: =COUNTIFS(SuppData4_SNVINDEL!$B:$B,SuppData3_MutationalandClonalP!$B15,SuppData4_SNVINDEL!$F:$F,SuppData3_MutationalandClonalP!I$4) -> 0 | J15: =COUNTIFS(SuppData4_SNVINDEL!$B:$B,SuppData3_MutationalandClonalP!$B15,SuppData4_SNVINDEL!$F:$F,SuppData3_MutationalandClonalP!J$4) -> 2 | K15: =COUNTIFS(SuppData4_SNVINDEL!$B:$B,SuppData3_MutationalandClonalP!$B15,SuppData4_SNVINDEL!$F:$F,SuppData3_MutationalandClonalP!K$4) -> 4 | L15: =COUNTIFS(SuppData4_SNVINDEL!$B:$B,SuppData3_MutationalandClonalP!$B15,SuppData4_SNVINDEL!$F:$F,SuppData3_MutationalandClonalP!L$4) -> 1 | M15: =COUNTIFS(SuppData4_SNVINDEL!$B:$B,SuppData3_MutationalandClonalP!$B15,SuppData4_SNVINDEL!$F:$F,SuppData3_MutationalandClonalP!M$4) -> 0 | N15: =SUM(O15:Q15) -> 4 | O15: =COUNTIFS(SuppData4_SNVINDEL!$B:$B,SuppData3_MutationalandClonalP!$B15,SuppData4_SNVINDEL!$F:$F,SuppData3_MutationalandClonalP!O$4) -> 0 | P15: =COUNTIFS(SuppData4_SNVINDEL!$B:$B,SuppData3_MutationalandClonalP!$B15,SuppData4_SNVINDEL!$F:$F,SuppData3_MutationalandClonalP!P$4) -> 0 | Q15: =COUNTIFS(SuppData4_SNVINDEL!$B:$B,SuppData3_MutationalandClonalP!$B15,SuppData4_SNVINDEL!$F:$F,SuppData3_MutationalandClonalP!Q$4) -> 4 | R15: 301 | S15: =IFERROR(R15+F15,F15) -> 316 | T15: na | U15: =COUNTIFS(SuppData6_SV!A:A,SuppData3_MutationalandClonalP!B15,SuppData6_SV!U:U,"<>Yes") -> 4 | V15: =COUNTIFS(SuppData6_SV!A:A,SuppData3_MutationalandClonalP!B15,SuppData6_SV!U:U,"Yes") -> 0 | W15: =COUNTIFS(SuppData5_CNA!C:C,SuppData3_MutationalandClonalP!B15,SuppData5_CNA!H:H,"<>none") -> 2 | X15: Single clone seed relapse†
A16: P24 | B16: P24-d445 | C16: Relapse1 | D16: AML | E16: Late | F16: =G16+N16 -> 16 | G16: =SUM(H16:M16) -> 12 | H16: =COUNTIFS(SuppData4_SNVINDEL!$B:$B,SuppData3_MutationalandClonalP!$B16,SuppData4_SNVINDEL!$F:$F,SuppData3_MutationalandClonalP!H$4) -> 8 | I16: =COUNTIFS(SuppData4_SNVINDEL!$B:$B,SuppData3_MutationalandClonalP!$B16,SuppData4_SNVINDEL!$F:$F,SuppData3_MutationalandClonalP!I$4) -> 0 | J16: =COUNTIFS(SuppData4_SNVINDEL!$B:$B,SuppData3_MutationalandClonalP!$B16,SuppData4_SNVINDEL!$F:$F,SuppData3_MutationalandClonalP!J$4) -> 0 | K16: =COUNTIFS(SuppData4_SNVINDEL!$B:$B,SuppData3_MutationalandClonalP!$B16,SuppData4_SNVINDEL!$F:$F,SuppData3_MutationalandClonalP!K$4) -> 2 | L16: =COUNTIFS(SuppData4_SNVINDEL!$B:$B,SuppData3_MutationalandClonalP!$B16,SuppData4_SNVINDEL!$F:$F,SuppData3_MutationalandClonalP!L$4) -> 1 | M16: =COUNTIFS(SuppData4_SNVINDEL!$B:$B,SuppData3_MutationalandClonalP!$B16,SuppData4_SNVINDEL!$F:$F,SuppData3_MutationalandClonalP!M$4) -> 1 | N16: =SUM(O16:Q16) -> 4 | O16: =COUNTIFS(SuppData4_SNVINDEL!$B:$B,SuppData3_MutationalandClonalP!$B16,SuppData4_SNVINDEL!$F:$F,SuppData3_MutationalandClonalP!O$4) -> 1 | P16: =COUNTIFS(SuppData4_SNVINDEL!$B:$B,SuppData3_MutationalandClonalP!$B16,SuppData4_SNVINDEL!$F:$F,SuppData3_MutationalandClonalP!P$4) -> 0 | Q16: =COUNTIFS(SuppData4_SNVINDEL!$B:$B,SuppData3_MutationalandClonalP!$B16,SuppData4_SNVINDEL!$F:$F,SuppData3_MutationalandClonalP!Q$4) -> 3 | R16: 309 | S16: =IFERROR(R16+F16,F16) -> 325 | T16: 232 | U16: =COUNTIFS(SuppData6_SV!A:A,SuppData3_MutationalandClonalP!B16,SuppData6_SV!U:U,"<>Yes") -> 6 | V16: =COUNTIFS(SuppData6_SV!A:A,SuppData3_MutationalandClonalP!B16,SuppData6_SV!U:U,"Yes") -> 0 | W16: =COUNTIFS(SuppData5_CNA!C:C,SuppData3_MutationalandClonalP!B16,SuppData5_CNA!H:H,"<>none") -> 2
A17: P28 | B17: P28-d0 | C17: Diagnosis | D17: B-ALL | E17: Very early/refractory | F17: =G17+N17 -> 7 | G17: =SUM(H17:M17) -> 1 | H17: =COUNTIFS(SuppData4_SNVINDEL!$B:$B,SuppData3_MutationalandClonalP!$B17,SuppData4_SNVINDEL!$F:$F,SuppData3_MutationalandClonalP!H$4) -> 1 | I17: =COUNTIFS(SuppData4_SNVINDEL!$B:$B,SuppData3_MutationalandClonalP!$B17,SuppData4_SNVINDEL!$F:$F,SuppData3_MutationalandClonalP!I$4) -> 0 | J17: =COUNTIFS(SuppData4_SNVINDEL!$B:$B,SuppData3_MutationalandClonalP!$B17,SuppData4_SNVINDEL!$F:$F,SuppData3_MutationalandClonalP!J$4) -> 0 | K17: =COUNTIFS(SuppData4_SNVINDEL!$B:$B,SuppData3_MutationalandClonalP!$B17,SuppData4_SNVINDEL!$F:$F,SuppData3_MutationalandClonalP!K$4) -> 0 | L17: =COUNTIFS(SuppData4_SNVINDEL!$B:$B,SuppData3_MutationalandClonalP!$B17,SuppData4_SNVINDEL!$F:$F,SuppData3_MutationalandClonalP!L$4) -> 0 | M17: =COUNTIFS(SuppData4_SNVINDEL!$B:$B,SuppData3_MutationalandClonalP!$B17,SuppData4_SNVINDEL!$F:$F,SuppData3_MutationalandClonalP!M$4) -> 0 | N17: =SUM(O17:Q17) -> 6 | O17: =COUNTIFS(SuppData4_SNVINDEL!$B:$B,SuppData3_MutationalandClonalP!$B17,SuppData4_SNVINDEL!$F:$F,SuppData3_MutationalandClonalP!O$4) -> 2 | P17: =COUNTIFS(SuppData4_SNVINDEL!$B:$B,SuppData3_MutationalandClonalP!$B17,SuppData4_SNVINDEL!$F:$F,SuppData3_MutationalandClonalP!P$4) -> 1 | Q17: =COUNTIFS(SuppData4_SNVINDEL!$B:$B,SuppData3_MutationalandClonalP!$B17,SuppData4_SNVINDEL!$F:$F,SuppData3_MutationalandClonalP!Q$4) -> 3 | R17: 184 | S17: =IFERROR(R17+F17,F17) -> 191 | T17: na | U17: =COUNTIFS(SuppData6_SV!A:A,SuppData3_MutationalandClonalP!B17,SuppData6_SV!U:U,"<>Yes") -> 2 | V17: =COUNTIFS(SuppData6_SV!A:A,SuppData3_MutationalandClonalP!B17,SuppData6_SV!U:U,"Yes") -> 0 | W17: =COUNTIFS(SuppData5_CNA!C:C,SuppData3_MutationalandClonalP!B17,SuppData5_CNA!H:H,"<>none") -> 0 | X17: Mulitple clones seed relapse
A18: P28 | B18: P28-d208 | C18: Relapse1 | D18: B-ALL | E18: Very early/refractory | F18: =G18+N18 -> 18 | G18: =SUM(H18:M18) -> 7 | H18: =COUNTIFS(SuppData4_SNVINDEL!$B:$B,SuppData3_MutationalandClonalP!$B18,SuppData4_SNVINDEL!$F:$F,SuppData3_MutationalandClonalP!H$4) -> 5 | I18: =COUNTIFS(SuppData4_SNVINDEL!$B:$B,SuppData3_MutationalandClonalP!$B18,SuppData4_SNVINDEL!$F:$F,SuppData3_MutationalandClonalP!I$4) -> 0 | J18: =COUNTIFS(SuppData4_SNVINDEL!$B:$B,SuppData3_MutationalandClonalP!$B18,SuppData4_SNVINDEL!$F:$F,SuppData3_MutationalandClonalP!J$4) -> 0 | K18: =COUNTIFS(SuppData4_SNVINDEL!$B:$B,SuppData3_MutationalandClonalP!$B18,SuppData4_SNVINDEL!$F:$F,SuppData3_MutationalandClonalP!K$4) -> 1 | L18: =COUNTIFS(SuppData4_SNVINDEL!$B:$B,SuppData3_MutationalandClonalP!$B18,SuppData4_SNVINDEL!$F:$F,SuppData3_MutationalandClonalP!L$4) -> 0 | M18: =COUNTIFS(SuppData4_SNVINDEL!$B:$B,SuppData3_MutationalandClonalP!$B18,SuppData4_SNVINDEL!$F:$F,SuppData3_MutationalandClonalP!M$4) -> 1 | N18: =SUM(O18:Q18) -> 11 | O18: =COUNTIFS(SuppData4_SNVINDEL!$B:$B,SuppData3_MutationalandClonalP!$B18,SuppData4_SNVINDEL!$F:$F,SuppData3_MutationalandClonalP!O$4) -> 5 | P18: =COUNTIFS(SuppData4_SNVINDEL!$B:$B,SuppData3_MutationalandClonalP!$B18,SuppData4_SNVINDEL!$F:$F,SuppData3_MutationalandClonalP!P$4) -> 1 | Q18: =COUNTIFS(SuppData4_SNVINDEL!$B:$B,SuppData3_MutationalandClonalP!$B18,SuppData4_SNVINDEL!$F:$F,SuppData3_MutationalandClonalP!Q$4) -> 5 | R18: 454 | S18: =IFERROR(R18+F18,F18) -> 472 | T18: 414 | U18: =COUNTIFS(SuppData6_SV!A:A,SuppData3_MutationalandClonalP!B18,SuppData6_SV!U:U,"<>Yes") -> 8 | V18: =COUNTIFS(SuppData6_SV!A:A,SuppData3_MutationalandClonalP!B18,SuppData6_SV!U:U,"Yes") -> 0 | W18: =COUNTIFS(SuppData5_CNA!C:C,SuppData3_MutationalandClonalP!B18,SuppData5_CNA!H:H,"<>none") -> 3
A19: P30 | B19: P30-d21 | C19: 21 days, ca 20-30% blasts | D19: AML | E19: Late | F19: =G19+N19 -> 0 | G19: =SUM(H19:M19) -> 0 | H19: =COUNTIFS(SuppData4_SNVINDEL!$B:$B,SuppData3_MutationalandClonalP!$B19,SuppData4_SNVINDEL!$F:$F,SuppData3_MutationalandClonalP!H$4) -> 0 | I19: =COUNTIFS(SuppData4_SNVINDEL!$B:$B,SuppData3_MutationalandClonalP!$B19,SuppData4_SNVINDEL!$F:$F,SuppData3_MutationalandClonalP!I$4) -> 0 | J19: =COUNTIFS(SuppData4_SNVINDEL!$B:$B,SuppData3_MutationalandClonalP!$B19,SuppData4_SNVINDEL!$F:$F,SuppData3_MutationalandClonalP!J$4) -> 0 | K19: =COUNTIFS(SuppData4_SNVINDEL!$B:$B,SuppData3_MutationalandClonalP!$B19,SuppData4_SNVINDEL!$F:$F,SuppData3_MutationalandClonalP!K$4) -> 0 | L19: =COUNTIFS(SuppData4_SNVINDEL!$B:$B,SuppData3_MutationalandClonalP!$B19,SuppData4_SNVINDEL!$F:$F,SuppData3_MutationalandClonalP!L$4) -> 0 | M19: =COUNTIFS(SuppData4_SNVINDEL!$B:$B,SuppData3_MutationalandClonalP!$B19,SuppData4_SNVINDEL!$F:$F,SuppData3_MutationalandClonalP!M$4) -> 0 | N19: =SUM(O19:Q19) -> 0 | O19: =COUNTIFS(SuppData4_SNVINDEL!$B:$B,SuppData3_MutationalandClonalP!$B19,SuppData4_SNVINDEL!$F:$F,SuppData3_MutationalandClonalP!O$4) -> 0 | P19: =COUNTIFS(SuppData4_SNVINDEL!$B:$B,SuppData3_MutationalandClonalP!$B19,SuppData4_SNVINDEL!$F:$F,SuppData3_MutationalandClonalP!P$4) -> 0 | Q19: =COUNTIFS(SuppData4_SNVINDEL!$B:$B,SuppData3_MutationalandClonalP!$B19,SuppData4_SNVINDEL!$F:$F,SuppData3_MutationalandClonalP!Q$4) -> 0 | R19: 21 | S19: =IFERROR(R19+F19,F19) -> 21 | T19: na | U19: =COUNTIFS(SuppData6_SV!A:A,SuppData3_MutationalandClonalP!B19,SuppData6_SV!U:U,"<>Yes") -> 2 | V19: =COUNTIFS(SuppData6_SV!A:A,SuppData3_MutationalandClonalP!B19,SuppData6_SV!U:U,"Yes") -> 0 | W19: =COUNTIFS(SuppData5_CNA!C:C,SuppData3_MutationalandClonalP!B19,SuppData5_CNA!H:H,"<>none") -> 0
A20: P30 | B20: P30-d400 | C20: Relapse1 | D20: AML | E20: Late | F20: =G20+N20 -> 18 | G20: =SUM(H20:M20) -> 13 | H20: =COUNTIFS(SuppData4_SNVINDEL!$B:$B,SuppData3_MutationalandClonalP!$B20,SuppData4_SNVINDEL!$F:$F,SuppData3_MutationalandClonalP!H$4) -> 5 | I20: =COUNTIFS(SuppData4_SNVINDEL!$B:$B,SuppData3_MutationalandClonalP!$B20,SuppData4_SNVINDEL!$F:$F,SuppData3_MutationalandClonalP!I$4) -> 0 | J20: =COUNTIFS(SuppData4_SNVINDEL!$B:$B,SuppData3_MutationalandClonalP!$B20,SuppData4_SNVINDEL!$F:$F,SuppData3_MutationalandClonalP!J$4) -> 0 | K20: =COUNTIFS(SuppData4_SNVINDEL!$B:$B,SuppData3_MutationalandClonalP!$B20,SuppData4_SNVINDEL!$F:$F,SuppData3_MutationalandClonalP!K$4) -> 7 | L20: =COUNTIFS(SuppData4_SNVINDEL!$B:$B,SuppData3_MutationalandClonalP!$B20,SuppData4_SNVINDEL!$F:$F,SuppData3_MutationalandClonalP!L$4) -> 0 | M20: =COUNTIFS(SuppData4_SNVINDEL!$B:$B,SuppData3_MutationalandClonalP!$B20,SuppData4_SNVINDEL!$F:$F,SuppData3_MutationalandClonalP!M$4) -> 1 | N20: =SUM(O20:Q20) -> 5 | O20: =COUNTIFS(SuppData4_SNVINDEL!$B:$B,SuppData3_MutationalandClonalP!$B20,SuppData4_SNVINDEL!$F:$F,SuppData3_MutationalandClonalP!O$4) -> 3 | P20: =COUNTIFS(SuppData4_SNVINDEL!$B:$B,SuppData3_MutationalandClonalP!$B20,SuppData4_SNVINDEL!$F:$F,SuppData3_MutationalandClonalP!P$4) -> 0 | Q20: =COUNTIFS(SuppData4_SNVINDEL!$B:$B,SuppData3_MutationalandClonalP!$B20,SuppData4_SNVINDEL!$F:$F,SuppData3_MutationalandClonalP!Q$4) -> 2 | R20: 844 | S20: =IFERROR(R20+F20,F20) -> 862 | T20: 835 | U20: =COUNTIFS(SuppData6_SV!A:A,SuppData3_MutationalandClonalP!B20,SuppData6_SV!U:U,"<>Yes") -> 4 | V20: =COUNTIFS(SuppData6_SV!A:A,SuppData3_MutationalandClonalP!B20,SuppData6_SV!U:U,"Yes") -> 0 | W20: =COUNTIFS(SuppData5_CNA!C:C,SuppData3_MutationalandClonalP!B20,SuppData5_CNA!H:H,"<>none") -> 7 | X20: Unassigned
A21: P30 | B21: P30-d1037 | C21: Relapse2 | D21: AML | E21: Late | F21: =G21+N21 -> 43 | G21: =SUM(H21:M21) -> 24 | H21: =COUNTIFS(SuppData4_SNVINDEL!$B:$B,SuppData3_MutationalandClonalP!$B21,SuppData4_SNVINDEL!$F:$F,SuppData3_MutationalandClonalP!H$4) -> 15 | I21: =COUNTIFS(SuppData4_SNVINDEL!$B:$B,SuppData3_MutationalandClonalP!$B21,SuppData4_SNVINDEL!$F:$F,SuppData3_MutationalandClonalP!I$4) -> 1 | J21: =COUNTIFS(SuppData4_SNVINDEL!$B:$B,SuppData3_MutationalandClonalP!$B21,SuppData4_SNVINDEL!$F:$F,SuppData3_MutationalandClonalP!J$4) -> 0 | K21: =COUNTIFS(SuppData4_SNVINDEL!$B:$B,SuppData3_MutationalandClonalP!$B21,SuppData4_SNVINDEL!$F:$F,SuppData3_MutationalandClonalP!K$4) -> 5 | L21: =COUNTIFS(SuppData4_SNVINDEL!$B:$B,SuppData3_MutationalandClonalP!$B21,SuppData4_SNVINDEL!$F:$F,SuppData3_MutationalandClonalP!L$4) -> 2 | M21: =COUNTIFS(SuppData4_SNVINDEL!$B:$B,SuppData3_MutationalandClonalP!$B21,SuppData4_SNVINDEL!$F:$F,SuppData3_MutationalandClonalP!M$4) -> 1 | N21: =SUM(O21:Q21) -> 19 | O21: =COUNTIFS(SuppData4_SNVINDEL!$B:$B,SuppData3_MutationalandClonalP!$B21,SuppData4_SNVINDEL!$F:$F,SuppData3_MutationalandClonalP!O$4) -> 10 | P21: =COUNTIFS(SuppData4_SNVINDEL!$B:$B,SuppData3_MutationalandClonalP!$B21,SuppData4_SNVINDEL!$F:$F,SuppData3_MutationalandClonalP!P$4) -> 1 | Q21: =COUNTIFS(SuppData4_SNVINDEL!$B:$B,SuppData3_MutationalandClonalP!$B21,SuppData4_SNVINDEL!$F:$F,SuppData3_MutationalandClonalP!Q$4) -> 8 | R21: 1649 | S21: =IFERROR(R21+F21,F21) -> 1692 | T21: na | U21: =COUNTIFS(SuppData6_SV!A:A,SuppData3_MutationalandClonalP!B21,SuppData6_SV!U:U,"<>Yes") -> 4 | V21: =COUNTIFS(SuppData6_SV!A:A,SuppData3_MutationalandClonalP!B21,SuppData6_SV!U:U,"Yes") -> 0 | W21: =COUNTIFS(SuppData5_CNA!C:C,SuppData3_MutationalandClonalP!B21,SuppData5_CNA!H:H,"<>none") -> 6
A22: P30 | B22: P30-d1742 | C22: Relapse3 | D22: AML | E22: Late | F22: =G22+N22 -> 55 | G22: =SUM(H22:M22) -> 24 | H22: =COUNTIFS(SuppData4_SNVINDEL!$B:$B,SuppData3_MutationalandClonalP!$B22,SuppData4_SNVINDEL!$F:$F,SuppData3_MutationalandClonalP!H$4) -> 15 | I22: =COUNTIFS(SuppData4_SNVINDEL!$B:$B,SuppData3_MutationalandClonalP!$B22,SuppData4_SNVINDEL!$F:$F,SuppData3_MutationalandClonalP!I$4) -> 0 | J22: =COUNTIFS(SuppData4_SNVINDEL!$B:$B,SuppData3_MutationalandClonalP!$B22,SuppData4_SNVINDEL!$F:$F,SuppData3_MutationalandClonalP!J$4) -> 1 | K22: =COUNTIFS(SuppData4_SNVINDEL!$B:$B,SuppData3_MutationalandClonalP!$B22,SuppData4_SNVINDEL!$F:$F,SuppData3_MutationalandClonalP!K$4) -> 5 | L22: =COUNTIFS(SuppData4_SNVINDEL!$B:$B,SuppData3_MutationalandClonalP!$B22,SuppData4_SNVINDEL!$F:$F,SuppData3_MutationalandClonalP!L$4) -> 0 | M22: =COUNTIFS(SuppData4_SNVINDEL!$B:$B,SuppData3_MutationalandClonalP!$B22,SuppData4_SNVINDEL!$F:$F,SuppData3_MutationalandClonalP!M$4) -> 3 | N22: =SUM(O22:Q22) -> 31 | O22: =COUNTIFS(SuppData4_SNVINDEL!$B:$B,SuppData3_MutationalandClonalP!$B22,SuppData4_SNVINDEL!$F:$F,SuppData3_MutationalandClonalP!O$4) -> 17 | P22: =COUNTIFS(SuppData4_SNVINDEL!$B:$B,SuppData3_MutationalandClonalP!$B22,SuppData4_SNVINDEL!$F:$F,SuppData3_MutationalandClonalP!P$4) -> 2 | Q22: =COUNTIFS(SuppData4_SNVINDEL!$B:$B,SuppData3_MutationalandClonalP!$B22,SuppData4_SNVINDEL!$F:$F,SuppData3_MutationalandClonalP!Q$4) -> 12 | R22: 1740 | S22: =IFERROR(R22+F22,F22) -> 1795 | T22: na | U22: =COUNTIFS(SuppData6_SV!A:A,SuppData3_MutationalandClonalP!B22,SuppData6_SV!U:U,"<>Yes") -> 3 | V22: =COUNTIFS(SuppData6_SV!A:A,SuppData3_MutationalandClonalP!B22,SuppData6_SV!U:U,"Yes") -> 0 | W22: =COUNTIFS(SuppData5_CNA!C:C,SuppData3_MutationalandClonalP!B22,SuppData5_CNA!H:H,"<>none") -> 6
A23: P30 | B23: P30-d2183 | C23: Relapse4 | D23: AML | E23: Late | F23: =G23+N23 -> 263 | G23: =SUM(H23:M23) -> 150 | H23: =COUNTIFS(SuppData4_SNVINDEL!$B:$B,SuppData3_MutationalandClonalP!$B23,SuppData4_SNVINDEL!$F:$F,SuppData3_MutationalandClonalP!H$4) -> 124 | I23: =COUNTIFS(SuppData4_SNVINDEL!$B:$B,SuppData3_MutationalandClonalP!$B23,SuppData4_SNVINDEL!$F:$F,SuppData3_MutationalandClonalP!I$4) -> 1 | J23: =COUNTIFS(SuppData4_SNVINDEL!$B:$B,SuppData3_MutationalandClonalP!$B23,SuppData4_SNVINDEL!$F:$F,SuppData3_MutationalandClonalP!J$4) -> 1 | K23: =COUNTIFS(SuppData4_SNVINDEL!$B:$B,SuppData3_MutationalandClonalP!$B23,SuppData4_SNVINDEL!$F:$F,SuppData3_MutationalandClonalP!K$4) -> 10 | L23: =COUNTIFS(SuppData4_SNVINDEL!$B:$B,SuppData3_MutationalandClonalP!$B23,SuppData4_SNVINDEL!$F:$F,SuppData3_MutationalandClonalP!L$4) -> 2 | M23: =COUNTIFS(SuppData4_SNVINDEL!$B:$B,SuppData3_MutationalandClonalP!$B23,SuppData4_SNVINDEL!$F:$F,SuppData3_MutationalandClonalP!M$4) -> 12 | N23: =SUM(O23:Q23) -> 113 | O23: =COUNTIFS(SuppData4_SNVINDEL!$B:$B,SuppData3_MutationalandClonalP!$B23,SuppData4_SNVINDEL!$F:$F,SuppData3_MutationalandClonalP!O$4) -> 48 | P23: =COUNTIFS(SuppData4_SNVINDEL!$B:$B,SuppData3_MutationalandClonalP!$B23,SuppData4_SNVINDEL!$F:$F,SuppData3_MutationalandClonalP!P$4) -> 7 | Q23: =COUNTIFS(SuppData4_SNVINDEL!$B:$B,SuppData3_MutationalandClonalP!$B23,SuppData4_SNVINDEL!$F:$F,SuppData3_MutationalandClonalP!Q$4) -> 58 | R23: 22078 | S23: =IFERROR(R23+F23,F23) -> 22341 | T23: na | U23: =COUNTIFS(SuppData6_SV!A:A,SuppData3_MutationalandClonalP!B23,SuppData6_SV!U:U,"<>Yes") -> 3 | V23: =COUNTIFS(SuppData6_SV!A:A,SuppData3_MutationalandClonalP!B23,SuppData6_SV!U:U,"Yes") -> 0 | W23: =COUNTIFS(SuppData5_CNA!C:C,SuppData3_MutationalandClonalP!B23,SuppData5_CNA!H:H,"<>none") -> 6
A24: P32 | B24: P32-d0 | C24: Diagnosis | D24: AML | E24: Late | F24: =G24+N24 -> 6 | G24: =SUM(H24:M24) -> 2 | H24: =COUNTIFS(SuppData4_SNVINDEL!$B:$B,SuppData3_MutationalandClonalP!$B24,SuppData4_SNVINDEL!$F:$F,SuppData3_MutationalandClonalP!H$4) -> 2 | I24: =COUNTIFS(SuppData4_SNVINDEL!$B:$B,SuppData3_MutationalandClonalP!$B24,SuppData4_SNVINDEL!$F:$F,SuppData3_MutationalandClonalP!I$4) -> 0 | J24: =COUNTIFS(SuppData4_SNVINDEL!$B:$B,SuppData3_MutationalandClonalP!$B24,SuppData4_SNVINDEL!$F:$F,SuppData3_MutationalandClonalP!J$4) -> 0 | K24: =COUNTIFS(SuppData4_SNVINDEL!$B:$B,SuppData3_MutationalandClonalP!$B24,SuppData4_SNVINDEL!$F:$F,SuppData3_MutationalandClonalP!K$4) -> 0 | L24: =COUNTIFS(SuppData4_SNVINDEL!$B:$B,SuppData3_MutationalandClonalP!$B24,SuppData4_SNVINDEL!$F:$F,SuppData3_MutationalandClonalP!L$4) -> 0 | M24: =COUNTIFS(SuppData4_SNVINDEL!$B:$B,SuppData3_MutationalandClonalP!$B24,SuppData4_SNVINDEL!$F:$F,SuppData3_MutationalandClonalP!M$4) -> 0 | N24: =SUM(O24:Q24) -> 4 | O24: =COUNTIFS(SuppData4_SNVINDEL!$B:$B,SuppData3_MutationalandClonalP!$B24,SuppData4_SNVINDEL!$F:$F,SuppData3_MutationalandClonalP!O$4) -> 1 | P24: =COUNTIFS(SuppData4_SNVINDEL!$B:$B,SuppData3_MutationalandClonalP!$B24,SuppData4_SNVINDEL!$F:$F,SuppData3_MutationalandClonalP!P$4) -> 1 | Q24: =COUNTIFS(SuppData4_SNVINDEL!$B:$B,SuppData3_MutationalandClonalP!$B24,SuppData4_SNVINDEL!$F:$F,SuppData3_MutationalandClonalP!Q$4) -> 2 | R24: 51 | S24: =IFERROR(R24+F24,F24) -> 57 | T24: na | U24: =COUNTIFS(SuppData6_SV!A:A,SuppData3_MutationalandClonalP!B24,SuppData6_SV!U:U,"<>Yes") -> 4 | V24: =COUNTIFS(SuppData6_SV!A:A,SuppData3_MutationalandClonalP!B24,SuppData6_SV!U:U,"Yes") -> 0 | W24: =COUNTIFS(SuppData5_CNA!C:C,SuppData3_MutationalandClonalP!B24,SuppData5_CNA!H:H,"<>none") -> 0 | X24: Mulitple clones seed relapse
A25: P32 | B25: P32-d683 | C25: Relapse1 | D25: AML | E25: Late | F25: =G25+N25 -> 17 | G25: =SUM(H25:M25) -> 5 | H25: =COUNTIFS(SuppData4_SNVINDEL!$B:$B,SuppData3_MutationalandClonalP!$B25,SuppData4_SNVINDEL!$F:$F,SuppData3_MutationalandClonalP!H$4) -> 4 | I25: =COUNTIFS(SuppData4_SNVINDEL!$B:$B,SuppData3_MutationalandClonalP!$B25,SuppData4_SNVINDEL!$F:$F,SuppData3_MutationalandClonalP!I$4) -> 0 | J25: =COUNTIFS(SuppData4_SNVINDEL!$B:$B,SuppData3_MutationalandClonalP!$B25,SuppData4_SNVINDEL!$F:$F,SuppData3_MutationalandClonalP!J$4) -> 0 | K25: =COUNTIFS(SuppData4_SNVINDEL!$B:$B,SuppData3_MutationalandClonalP!$B25,SuppData4_SNVINDEL!$F:$F,SuppData3_MutationalandClonalP!K$4) -> 1 | L25: =COUNTIFS(SuppData4_SNVINDEL!$B:$B,SuppData3_MutationalandClonalP!$B25,SuppData4_SNVINDEL!$F:$F,SuppData3_MutationalandClonalP!L$4) -> 0 | M25: =COUNTIFS(SuppData4_SNVINDEL!$B:$B,SuppData3_MutationalandClonalP!$B25,SuppData4_SNVINDEL!$F:$F,SuppData3_MutationalandClonalP!M$4) -> 0 | N25: =SUM(O25:Q25) -> 12 | O25: =COUNTIFS(SuppData4_SNVINDEL!$B:$B,SuppData3_MutationalandClonalP!$B25,SuppData4_SNVINDEL!$F:$F,SuppData3_MutationalandClonalP!O$4) -> 5 | P25: =COUNTIFS(SuppData4_SNVINDEL!$B:$B,SuppData3_MutationalandClonalP!$B25,SuppData4_SNVINDEL!$F:$F,SuppData3_MutationalandClonalP!P$4) -> 2 | Q25: =COUNTIFS(SuppData4_SNVINDEL!$B:$B,SuppData3_MutationalandClonalP!$B25,SuppData4_SNVINDEL!$F:$F,SuppData3_MutationalandClonalP!Q$4) -> 5 | R25: 225 | S25: =IFERROR(R25+F25,F25) -> 242 | T25: 213 | U25: =COUNTIFS(SuppData6_SV!A:A,SuppData3_MutationalandClonalP!B25,SuppData6_SV!U:U,"<>Yes") -> 5 | V25: =COUNTIFS(SuppData6_SV!A:A,SuppData3_MutationalandClonalP!B25,SuppData6_SV!U:U,"Yes") -> 0 | W25: =COUNTIFS(SuppData5_CNA!C:C,SuppData3_MutationalandClonalP!B25,SuppData5_CNA!H:H,"<>none") -> 1
A26: P47 | B26: P47-d0 | C26: Diagnosis | D26: B-ALL | E26: Early | F26: =G26+N26 -> 8 | G26: =SUM(H26:M26) -> 5 | H26: =COUNTIFS(SuppData4_SNVINDEL!$B:$B,SuppData3_MutationalandClonalP!$B26,SuppData4_SNVINDEL!$F:$F,SuppData3_MutationalandClonalP!H$4) -> 3 | I26: =COUNTIFS(SuppData4_SNVINDEL!$B:$B,SuppData3_MutationalandClonalP!$B26,SuppData4_SNVINDEL!$F:$F,SuppData3_MutationalandClonalP!I$4) -> 0 | J26: =COUNTIFS(SuppData4_SNVINDEL!$B:$B,SuppData3_MutationalandClonalP!$B26,SuppData4_SNVINDEL!$F:$F,SuppData3_MutationalandClonalP!J$4) -> 0 | K26: =COUNTIFS(SuppData4_SNVINDEL!$B:$B,SuppData3_MutationalandClonalP!$B26,SuppData4_SNVINDEL!$F:$F,SuppData3_MutationalandClonalP!K$4) -> 2 | L26: =COUNTIFS(SuppData4_SNVINDEL!$B:$B,SuppData3_MutationalandClonalP!$B26,SuppData4_SNVINDEL!$F:$F,SuppData3_MutationalandClonalP!L$4) -> 0 | M26: =COUNTIFS(SuppData4_SNVINDEL!$B:$B,SuppData3_MutationalandClonalP!$B26,SuppData4_SNVINDEL!$F:$F,SuppData3_MutationalandClonalP!M$4) -> 0 | N26: =SUM(O26:Q26) -> 3 | O26: =COUNTIFS(SuppData4_SNVINDEL!$B:$B,SuppData3_MutationalandClonalP!$B26,SuppData4_SNVINDEL!$F:$F,SuppData3_MutationalandClonalP!O$4) -> 1 | P26: =COUNTIFS(SuppData4_SNVINDEL!$B:$B,SuppData3_MutationalandClonalP!$B26,SuppData4_SNVINDEL!$F:$F,SuppData3_MutationalandClonalP!P$4) -> 0 | Q26: =COUNTIFS(SuppData4_SNVINDEL!$B:$B,SuppData3_MutationalandClonalP!$B26,SuppData4_SNVINDEL!$F:$F,SuppData3_MutationalandClonalP!Q$4) -> 2 | R26: 133 | S26: =IFERROR(R26+F26,F26) -> 141 | T26: na | U26: =COUNTIFS(SuppData6_SV!A:A,SuppData3_MutationalandClonalP!B26,SuppData6_SV!U:U,"<>Yes") -> 2 | V26: =COUNTIFS(SuppData6_SV!A:A,SuppData3_MutationalandClonalP!B26,SuppData6_SV!U:U,"Yes") -> 0 | W26: =COUNTIFS(SuppData5_CNA!C:C,SuppData3_MutationalandClonalP!B26,SuppData5_CNA!H:H,"<>none") -> 1 | X26: Single clone seed relapse†
A27: P47 | B27: P47-d1024 | C27: Relapse1 | D27: B-ALL | E27: Early | F27: =G27+N27 -> 45 | G27: =SUM(H27:M27) -> 23 | H27: =COUNTIFS(SuppData4_SNVINDEL!$B:$B,SuppData3_MutationalandClonalP!$B27,SuppData4_SNVINDEL!$F:$F,SuppData3_MutationalandClonalP!H$4) -> 19 | I27: =COUNTIFS(SuppData4_SNVINDEL!$B:$B,SuppData3_MutationalandClonalP!$B27,SuppData4_SNVINDEL!$F:$F,SuppData3_MutationalandClonalP!I$4) -> 0 | J27: =COUNTIFS(SuppData4_SNVINDEL!$B:$B,SuppData3_MutationalandClonalP!$B27,SuppData4_SNVINDEL!$F:$F,SuppData3_MutationalandClonalP!J$4) -> 0 | K27: =COUNTIFS(SuppData4_SNVINDEL!$B:$B,SuppData3_MutationalandClonalP!$B27,SuppData4_SNVINDEL!$F:$F,SuppData3_MutationalandClonalP!K$4) -> 1 | L27: =COUNTIFS(SuppData4_SNVINDEL!$B:$B,SuppData3_MutationalandClonalP!$B27,SuppData4_SNVINDEL!$F:$F,SuppData3_MutationalandClonalP!L$4) -> 1 | M27: =COUNTIFS(SuppData4_SNVINDEL!$B:$B,SuppData3_MutationalandClonalP!$B27,SuppData4_SNVINDEL!$F:$F,SuppData3_MutationalandClonalP!M$4) -> 2 | N27: =SUM(O27:Q27) -> 22 | O27: =COUNTIFS(SuppData4_SNVINDEL!$B:$B,SuppData3_MutationalandClonalP!$B27,SuppData4_SNVINDEL!$F:$F,SuppData3_MutationalandClonalP!O$4) -> 13 | P27: =COUNTIFS(SuppData4_SNVINDEL!$B:$B,SuppData3_MutationalandClonalP!$B27,SuppData4_SNVINDEL!$F:$F,SuppData3_MutationalandClonalP!P$4) -> 0 | Q27: =COUNTIFS(SuppData4_SNVINDEL!$B:$B,SuppData3_MutationalandClonalP!$B27,SuppData4_SNVINDEL!$F:$F,SuppData3_MutationalandClonalP!Q$4) -> 9 | R27: 1389 | S27: =IFERROR(R27+F27,F27) -> 1434 | T27: 1296 | U27: =COUNTIFS(SuppData6_SV!A:A,SuppData3_MutationalandClonalP!B27,SuppData6_SV!U:U,"<>Yes") -> 3 | V27: =COUNTIFS(SuppData6_SV!A:A,SuppData3_MutationalandClonalP!B27,SuppData6_SV!U:U,"Yes") -> 0 | W27: =COUNTIFS(SuppData5_CNA!C:C,SuppData3_MutationalandClonalP!B27,SuppData5_CNA!H:H,"<>none") -> 4
A28: P57 | B28: P57-d0 | C28: Diagnosis | D28: B-ALL | E28: Early | F28: =G28+N28 -> 0 | G28: =SUM(H28:M28) -> 0 | H28: =COUNTIFS(SuppData4_SNVINDEL!$B:$B,SuppData3_MutationalandClonalP!$B28,SuppData4_SNVINDEL!$F:$F,SuppData3_MutationalandClonalP!H$4) -> 0 | I28: =COUNTIFS(SuppData4_SNVINDEL!$B:$B,SuppData3_MutationalandClonalP!$B28,SuppData4_SNVINDEL!$F:$F,SuppData3_MutationalandClonalP!I$4) -> 0 | J28: =COUNTIFS(SuppData4_SNVINDEL!$B:$B,SuppData3_MutationalandClonalP!$B28,SuppData4_SNVINDEL!$F:$F,SuppData3_MutationalandClonalP!J$4) -> 0 | K28: =COUNTIFS(SuppData4_SNVINDEL!$B:$B,SuppData3_MutationalandClonalP!$B28,SuppData4_SNVINDEL!$F:$F,SuppData3_MutationalandClonalP!K$4) -> 0 | L28: =COUNTIFS(SuppData4_SNVINDEL!$B:$B,SuppData3_MutationalandClonalP!$B28,SuppData4_SNVINDEL!$F:$F,SuppData3_MutationalandClonalP!L$4) -> 0 | M28: =COUNTIFS(SuppData4_SNVINDEL!$B:$B,SuppData3_MutationalandClonalP!$B28,SuppData4_SNVINDEL!$F:$F,SuppData3_MutationalandClonalP!M$4) -> 0 | N28: =SUM(O28:Q28) -> 0 | O28: =COUNTIFS(SuppData4_SNVINDEL!$B:$B,SuppData3_MutationalandClonalP!$B28,SuppData4_SNVINDEL!$F:$F,SuppData3_MutationalandClonalP!O$4) -> 0 | P28: =COUNTIFS(SuppData4_SNVINDEL!$B:$B,SuppData3_MutationalandClonalP!$B28,SuppData4_SNVINDEL!$F:$F,SuppData3_MutationalandClonalP!P$4) -> 0 | Q28: =COUNTIFS(SuppData4_SNVINDEL!$B:$B,SuppData3_MutationalandClonalP!$B28,SuppData4_SNVINDEL!$F:$F,SuppData3_MutationalandClonalP!Q$4) -> 0 | R28: 72 | S28: =IFERROR(R28+F28,F28) -> 72 | T28: na | U28: =COUNTIFS(SuppData6_SV!A:A,SuppData3_MutationalandClonalP!B28,SuppData6_SV!U:U,"<>Yes") -> 2 | V28: =COUNTIFS(SuppData6_SV!A:A,SuppData3_MutationalandClonalP!B28,SuppData6_SV!U:U,"Yes") -> 0 | W28: =COUNTIFS(SuppData5_CNA!C:C,SuppData3_MutationalandClonalP!B28,SuppData5_CNA!H:H,"<>none") -> 1 | X28: Single clone seed relapse†
A29: P57 | B29: P57-d537 | C29: Relapse1 | D29: B-ALL | E29: Early | F29: =G29+N29 -> 28 | G29: =SUM(H29:M29) -> 16 | H29: =COUNTIFS(SuppData4_SNVINDEL!$B:$B,SuppData3_MutationalandClonalP!$B29,SuppData4_SNVINDEL!$F:$F,SuppData3_MutationalandClonalP!H$4) -> 9 | I29: =COUNTIFS(SuppData4_SNVINDEL!$B:$B,SuppData3_MutationalandClonalP!$B29,SuppData4_SNVINDEL!$F:$F,SuppData3_MutationalandClonalP!I$4) -> 1 | J29: =COUNTIFS(SuppData4_SNVINDEL!$B:$B,SuppData3_MutationalandClonalP!$B29,SuppData4_SNVINDEL!$F:$F,SuppData3_MutationalandClonalP!J$4) -> 2 | K29: =COUNTIFS(SuppData4_SNVINDEL!$B:$B,SuppData3_MutationalandClonalP!$B29,SuppData4_SNVINDEL!$F:$F,SuppData3_MutationalandClonalP!K$4) -> 1 | L29: =COUNTIFS(SuppData4_SNVINDEL!$B:$B,SuppData3_MutationalandClonalP!$B29,SuppData4_SNVINDEL!$F:$F,SuppData3_MutationalandClonalP!L$4) -> 2 | M29: =COUNTIFS(SuppData4_SNVINDEL!$B:$B,SuppData3_MutationalandClonalP!$B29,SuppData4_SNVINDEL!$F:$F,SuppData3_MutationalandClonalP!M$4) -> 1 | N29: =SUM(O29:Q29) -> 12 | O29: =COUNTIFS(SuppData4_SNVINDEL!$B:$B,SuppData3_MutationalandClonalP!$B29,SuppData4_SNVINDEL!$F:$F,SuppData3_MutationalandClonalP!O$4) -> 7 | P29: =COUNTIFS(SuppData4_SNVINDEL!$B:$B,SuppData3_MutationalandClonalP!$B29,SuppData4_SNVINDEL!$F:$F,SuppData3_MutationalandClonalP!P$4) -> 0 | Q29: =COUNTIFS(SuppData4_SNVINDEL!$B:$B,SuppData3_MutationalandClonalP!$B29,SuppData4_SNVINDEL!$F:$F,SuppData3_MutationalandClonalP!Q$4) -> 5 | R29: 665 | S29: =IFERROR(R29+F29,F29) -> 693 | T29: 647 | U29: =COUNTIFS(SuppData6_SV!A:A,SuppData3_MutationalandClonalP!B29,SuppData6_SV!U:U,"<>Yes") -> 4 | V29: =COUNTIFS(SuppData6_SV!A:A,SuppData3_MutationalandClonalP!B29,SuppData6_SV!U:U,"Yes") -> 0 | W29: =COUNTIFS(SuppData5_CNA!C:C,SuppData3_MutationalandClonalP!B29,SuppData5_CNA!H:H,"<>none") -> 6
A30: P58 | B30: P58-d0 | C30: Diagnosis | D30: T-ALL | E30: Early | F30: =G30+N30 -> 1 | G30: =SUM(H30:M30) -> 0 | H30: =COUNTIFS(SuppData4_SNVINDEL!$B:$B,SuppData3_MutationalandClonalP!$B30,SuppData4_SNVINDEL!$F:$F,SuppData3_MutationalandClonalP!H$4) -> 0 | I30: =COUNTIFS(SuppData4_SNVINDEL!$B:$B,SuppData3_MutationalandClonalP!$B30,SuppData4_SNVINDEL!$F:$F,SuppData3_MutationalandClonalP!I$4) -> 0 | J30: =COUNTIFS(SuppData4_SNVINDEL!$B:$B,SuppData3_MutationalandClonalP!$B30,SuppData4_SNVINDEL!$F:$F,SuppData3_MutationalandClonalP!J$4) -> 0 | K30: =COUNTIFS(SuppData4_SNVINDEL!$B:$B,SuppData3_MutationalandClonalP!$B30,SuppData4_SNVINDEL!$F:$F,SuppData3_MutationalandClonalP!K$4) -> 0 | L30: =COUNTIFS(SuppData4_SNVINDEL!$B:$B,SuppData3_MutationalandClonalP!$B30,SuppData4_SNVINDEL!$F:$F,SuppData3_MutationalandClonalP!L$4) -> 0 | M30: =COUNTIFS(SuppData4_SNVINDEL!$B:$B,SuppData3_MutationalandClonalP!$B30,SuppData4_SNVINDEL!$F:$F,SuppData3_MutationalandClonalP!M$4) -> 0 | N30: =SUM(O30:Q30) -> 1 | O30: =COUNTIFS(SuppData4_SNVINDEL!$B:$B,SuppData3_MutationalandClonalP!$B30,SuppData4_SNVINDEL!$F:$F,SuppData3_MutationalandClonalP!O$4) -> 0 | P30: =COUNTIFS(SuppData4_SNVINDEL!$B:$B,SuppData3_MutationalandClonalP!$B30,SuppData4_SNVINDEL!$F:$F,SuppData3_MutationalandClonalP!P$4) -> 0 | Q30: =COUNTIFS(SuppData4_SNVINDEL!$B:$B,SuppData3_MutationalandClonalP!$B30,SuppData4_SNVINDEL!$F:$F,SuppData3_MutationalandClonalP!Q$4) -> 1 | R30: 47 | S30: =IFERROR(R30+F30,F30) -> 48 | T30: na | U30: =COUNTIFS(SuppData6_SV!A:A,SuppData3_MutationalandClonalP!B30,SuppData6_SV!U:U,"<>Yes") -> 4 | V30: =COUNTIFS(SuppData6_SV!A:A,SuppData3_MutationalandClonalP!B30,SuppData6_SV!U:U,"Yes") -> 0 | W30: =COUNTIFS(SuppData5_CNA!C:C,SuppData3_MutationalandClonalP!B30,SuppData5_CNA!H:H,"<>none") -> 1 | X30: Mulitple clones seed relapse
A31: P58 | B31: P58-d391 | C31: Relapse1 | D31: T-ALL | E31: Early | F31: =G31+N31 -> 73 | G31: =SUM(H31:M31) -> 49 | H31: =COUNTIFS(SuppData4_SNVINDEL!$B:$B,SuppData3_MutationalandClonalP!$B31,SuppData4_SNVINDEL!$F:$F,SuppData3_MutationalandClonalP!H$4) -> 36 | I31: =COUNTIFS(SuppData4_SNVINDEL!$B:$B,SuppData3_MutationalandClonalP!$B31,SuppData4_SNVINDEL!$F:$F,SuppData3_MutationalandClonalP!I$4) -> 3 | J31: =COUNTIFS(SuppData4_SNVINDEL!$B:$B,SuppData3_MutationalandClonalP!$B31,SuppData4_SNVINDEL!$F:$F,SuppData3_MutationalandClonalP!J$4) -> 1 | K31: =COUNTIFS(SuppData4_SNVINDEL!$B:$B,SuppData3_MutationalandClonalP!$B31,SuppData4_SNVINDEL!$F:$F,SuppData3_MutationalandClonalP!K$4) -> 2 | L31: =COUNTIFS(SuppData4_SNVINDEL!$B:$B,SuppData3_MutationalandClonalP!$B31,SuppData4_SNVINDEL!$F:$F,SuppData3_MutationalandClonalP!L$4) -> 3 | M31: =COUNTIFS(SuppData4_SNVINDEL!$B:$B,SuppData3_MutationalandClonalP!$B31,SuppData4_SNVINDEL!$F:$F,SuppData3_MutationalandClonalP!M$4) -> 4 | N31: =SUM(O31:Q31) -> 24 | O31: =COUNTIFS(SuppData4_SNVINDEL!$B:$B,SuppData3_MutationalandClonalP!$B31,SuppData4_SNVINDEL!$F:$F,SuppData3_MutationalandClonalP!O$4) -> 10 | P31: =COUNTIFS(SuppData4_SNVINDEL!$B:$B,SuppData3_MutationalandClonalP!$B31,SuppData4_SNVINDEL!$F:$F,SuppData3_MutationalandClonalP!P$4) -> 1 | Q31: =COUNTIFS(SuppData4_SNVINDEL!$B:$B,SuppData3_MutationalandClonalP!$B31,SuppData4_SNVINDEL!$F:$F,SuppData3_MutationalandClonalP!Q$4) -> 13 | R31: 1523 | S31: =IFERROR(R31+F31,F31) -> 1596 | T31: 1536 | U31: =COUNTIFS(SuppData6_SV!A:A,SuppData3_MutationalandClonalP!B31,SuppData6_SV!U:U,"<>Yes") -> 5 | V31: =COUNTIFS(SuppData6_SV!A:A,SuppData3_MutationalandClonalP!B31,SuppData6_SV!U:U,"Yes") -> 0 | W31: =COUNTIFS(SuppData5_CNA!C:C,SuppData3_MutationalandClonalP!B31,SuppData5_CNA!H:H,"<>none") -> 7
A32: P63 | B32: P63-d0 | C32: Diagnosis | D32: AML | E32: Early | F32: =G32+N32 -> 9 | G32: =SUM(H32:M32) -> 7 | H32: =COUNTIFS(SuppData4_SNVINDEL!$B:$B,SuppData3_MutationalandClonalP!$B32,SuppData4_SNVINDEL!$F:$F,SuppData3_MutationalandClonalP!H$4) -> 4 | I32: =COUNTIFS(SuppData4_SNVINDEL!$B:$B,SuppData3_MutationalandClonalP!$B32,SuppData4_SNVINDEL!$F:$F,SuppData3_MutationalandClonalP!I$4) -> 0 | J32: =COUNTIFS(SuppData4_SNVINDEL!$B:$B,SuppData3_MutationalandClonalP!$B32,SuppData4_SNVINDEL!$F:$F,SuppData3_MutationalandClonalP!J$4) -> 0 | K32: =COUNTIFS(SuppData4_SNVINDEL!$B:$B,SuppData3_MutationalandClonalP!$B32,SuppData4_SNVINDEL!$F:$F,SuppData3_MutationalandClonalP!K$4) -> 3 | L32: =COUNTIFS(SuppData4_SNVINDEL!$B:$B,SuppData3_MutationalandClonalP!$B32,SuppData4_SNVINDEL!$F:$F,SuppData3_MutationalandClonalP!L$4) -> 0 | M32: =COUNTIFS(SuppData4_SNVINDEL!$B:$B,SuppData3_MutationalandClonalP!$B32,SuppData4_SNVINDEL!$F:$F,SuppData3_MutationalandClonalP!M$4) -> 0 | N32: =SUM(O32:Q32) -> 2 | O32: =COUNTIFS(SuppData4_SNVINDEL!$B:$B,SuppData3_MutationalandClonalP!$B32,SuppData4_SNVINDEL!$F:$F,SuppData3_MutationalandClonalP!O$4) -> 1 | P32: =COUNTIFS(SuppData4_SNVINDEL!$B:$B,SuppData3_MutationalandClonalP!$B32,SuppData4_SNVINDEL!$F:$F,SuppData3_MutationalandClonalP!P$4) -> 1 | Q32: =COUNTIFS(SuppData4_SNVINDEL!$B:$B,SuppData3_MutationalandClonalP!$B32,SuppData4_SNVINDEL!$F:$F,SuppData3_MutationalandClonalP!Q$4) -> 0 | R32: 182 | S32: =IFERROR(R32+F32,F32) -> 191 | T32: na | U32: =COUNTIFS(SuppData6_SV!A:A,SuppData3_MutationalandClonalP!B32,SuppData6_SV!U:U,"<>Yes") -> 2 | V32: =COUNTIFS(SuppData6_SV!A:A,SuppData3_MutationalandClonalP!B32,SuppData6_SV!U:U,"Yes") -> 0 | W32: =COUNTIFS(SuppData5_CNA!C:C,SuppData3_MutationalandClonalP!B32,SuppData5_CNA!H:H,"<>none") -> 0 | X32: Mulitple clones seed relapse
A33: P63 | B33: P63-d302 | C33: Relapse1 | D33: AML | E33: Early | F33: =G33+N33 -> 0 | G33: =SUM(H33:M33) -> 0 | H33: =COUNTIFS(SuppData4_SNVINDEL!$B:$B,SuppData3_MutationalandClonalP!$B33,SuppData4_SNVINDEL!$F:$F,SuppData3_MutationalandClonalP!H$4) -> 0 | I33: =COUNTIFS(SuppData4_SNVINDEL!$B:$B,SuppData3_MutationalandClonalP!$B33,SuppData4_SNVINDEL!$F:$F,SuppData3_MutationalandClonalP!I$4) -> 0 | J33: =COUNTIFS(SuppData4_SNVINDEL!$B:$B,SuppData3_MutationalandClonalP!$B33,SuppData4_SNVINDEL!$F:$F,SuppData3_MutationalandClonalP!J$4) -> 0 | K33: =COUNTIFS(SuppData4_SNVINDEL!$B:$B,SuppData3_MutationalandClonalP!$B33,SuppData4_SNVINDEL!$F:$F,SuppData3_MutationalandClonalP!K$4) -> 0 | L33: =COUNTIFS(SuppData4_SNVINDEL!$B:$B,SuppData3_MutationalandClonalP!$B33,SuppData4_SNVINDEL!$F:$F,SuppData3_MutationalandClonalP!L$4) -> 0 | M33: =COUNTIFS(SuppData4_SNVINDEL!$B:$B,SuppData3_MutationalandClonalP!$B33,SuppData4_SNVINDEL!$F:$F,SuppData3_MutationalandClonalP!M$4) -> 0 | N33: =SUM(O33:Q33) -> 0 | O33: =COUNTIFS(SuppData4_SNVINDEL!$B:$B,SuppData3_MutationalandClonalP!$B33,SuppData4_SNVINDEL!$F:$F,SuppData3_MutationalandClonalP!O$4) -> 0 | P33: =COUNTIFS(SuppData4_SNVINDEL!$B:$B,SuppData3_MutationalandClonalP!$B33,SuppData4_SNVINDEL!$F:$F,SuppData3_MutationalandClonalP!P$4) -> 0 | Q33: =COUNTIFS(SuppData4_SNVINDEL!$B:$B,SuppData3_MutationalandClonalP!$B33,SuppData4_SNVINDEL!$F:$F,SuppData3_MutationalandClonalP!Q$4) -> 0 | R33: 284 | S33: =IFERROR(R33+F33,F33) -> 284 | T33: 132 | U33: =COUNTIFS(SuppData6_SV!A:A,SuppData3_MutationalandClonalP!B33,SuppData6_SV!U:U,"<>Yes") -> 5 | V33: =COUNTIFS(SuppData6_SV!A:A,SuppData3_MutationalandClonalP!B33,SuppData6_SV!U:U,"Yes") -> 0 | W33: =COUNTIFS(SuppData5_CNA!C:C,SuppData3_MutationalandClonalP!B33,SuppData5_CNA!H:H,"<>none") -> 1
A34: P63 | B34: P63-d546 | C34: Relapse2 | D34: AML | E34: Early | F34: =G34+N34 -> 59 | G34: =SUM(H34:M34) -> 38 | H34: =COUNTIFS(SuppData4_SNVINDEL!$B:$B,SuppData3_MutationalandClonalP!$B34,SuppData4_SNVINDEL!$F:$F,SuppData3_MutationalandClonalP!H$4) -> 23 | I34: =COUNTIFS(SuppData4_SNVINDEL!$B:$B,SuppData3_MutationalandClonalP!$B34,SuppData4_SNVINDEL!$F:$F,SuppData3_MutationalandClonalP!I$4) -> 0 | J34: =COUNTIFS(SuppData4_SNVINDEL!$B:$B,SuppData3_MutationalandClonalP!$B34,SuppData4_SNVINDEL!$F:$F,SuppData3_MutationalandClonalP!J$4) -> 0 | K34: =COUNTIFS(SuppData4_SNVINDEL!$B:$B,SuppData3_MutationalandClonalP!$B34,SuppData4_SNVINDEL!$F:$F,SuppData3_MutationalandClonalP!K$4) -> 14 | L34: =COUNTIFS(SuppData4_SNVINDEL!$B:$B,SuppData3_MutationalandClonalP!$B34,SuppData4_SNVINDEL!$F:$F,SuppData3_MutationalandClonalP!L$4) -> 0 | M34: =COUNTIFS(SuppData4_SNVINDEL!$B:$B,SuppData3_MutationalandClonalP!$B34,SuppData4_SNVINDEL!$F:$F,SuppData3_MutationalandClonalP!M$4) -> 1 | N34: =SUM(O34:Q34) -> 21 | O34: =COUNTIFS(SuppData4_SNVINDEL!$B:$B,SuppData3_MutationalandClonalP!$B34,SuppData4_SNVINDEL!$F:$F,SuppData3_MutationalandClonalP!O$4) -> 7 | P34: =COUNTIFS(SuppData4_SNVINDEL!$B:$B,SuppData3_MutationalandClonalP!$B34,SuppData4_SNVINDEL!$F:$F,SuppData3_MutationalandClonalP!P$4) -> 1 | Q34: =COUNTIFS(SuppData4_SNVINDEL!$B:$B,SuppData3_MutationalandClonalP!$B34,SuppData4_SNVINDEL!$F:$F,SuppData3_MutationalandClonalP!Q$4) -> 13 | R34: 2542 | S34: =IFERROR(R34+F34,F34) -> 2601 | T34: na | U34: =COUNTIFS(SuppData6_SV!A:A,SuppData3_MutationalandClonalP!B34,SuppData6_SV!U:U,"<>Yes") -> 8 | V34: =COUNTIFS(SuppData6_SV!A:A,SuppData3_MutationalandClonalP!B34,SuppData6_SV!U:U,"Yes") -> 0 | W34: =COUNTIFS(SuppData5_CNA!C:C,SuppData3_MutationalandClonalP!B34,SuppData5_CNA!H:H,"<>none") -> 1
A35: P68 | B35: P68-d0 | C35: Diagnosis | D35: AML | E35: Early/refractory | F35: =G35+N35 -> 6 | G35: =SUM(H35:M35) -> 5 | H35: =COUNTIFS(SuppData4_SNVINDEL!$B:$B,SuppData3_MutationalandClonalP!$B35,SuppData4_SNVINDEL!$F:$F,SuppData3_MutationalandClonalP!H$4) -> 5 | I35: =COUNTIFS(SuppData4_SNVINDEL!$B:$B,SuppData3_MutationalandClonalP!$B35,SuppData4_SNVINDEL!$F:$F,SuppData3_MutationalandClonalP!I$4) -> 0 | J35: =COUNTIFS(SuppData4_SNVINDEL!$B:$B,SuppData3_MutationalandClonalP!$B35,SuppData4_SNVINDEL!$F:$F,SuppData3_MutationalandClonalP!J$4) -> 0 | K35: =COUNTIFS(SuppData4_SNVINDEL!$B:$B,SuppData3_MutationalandClonalP!$B35,SuppData4_SNVINDEL!$F:$F,SuppData3_MutationalandClonalP!K$4) -> 0 | L35: =COUNTIFS(SuppData4_SNVINDEL!$B:$B,SuppData3_MutationalandClonalP!$B35,SuppData4_SNVINDEL!$F:$F,SuppData3_MutationalandClonalP!L$4) -> 0 | M35: =COUNTIFS(SuppData4_SNVINDEL!$B:$B,SuppData3_MutationalandClonalP!$B35,SuppData4_SNVINDEL!$F:$F,SuppData3_MutationalandClonalP!M$4) -> 0 | N35: =SUM(O35:Q35) -> 1 | O35: =COUNTIFS(SuppData4_SNVINDEL!$B:$B,SuppData3_MutationalandClonalP!$B35,SuppData4_SNVINDEL!$F:$F,SuppData3_MutationalandClonalP!O$4) -> 1 | P35: =COUNTIFS(SuppData4_SNVINDEL!$B:$B,SuppData3_MutationalandClonalP!$B35,SuppData4_SNVINDEL!$F:$F,SuppData3_MutationalandClonalP!P$4) -> 0 | Q35: =COUNTIFS(SuppData4_SNVINDEL!$B:$B,SuppData3_MutationalandClonalP!$B35,SuppData4_SNVINDEL!$F:$F,SuppData3_MutationalandClonalP!Q$4) -> 0 | R35: 85 | S35: =IFERROR(R35+F35,F35) -> 91 | T35: na | U35: =COUNTIFS(SuppData6_SV!A:A,SuppData3_MutationalandClonalP!B35,SuppData6_SV!U:U,"<>Yes") -> 9 | V35: =COUNTIFS(SuppData6_SV!A:A,SuppData3_MutationalandClonalP!B35,SuppData6_SV!U:U,"Yes") -> 0 | W35: =COUNTIFS(SuppData5_CNA!C:C,SuppData3_MutationalandClonalP!B35,SuppData5_CNA!H:H,"<>none") -> 3 | X35: Single clone seed relapse
A36: P68 | B36: P68-d132 | C36: Relapse1 | D36: AML | E36: Early/refractory | F36: =G36+N36 -> 7 | G36: =SUM(H36:M36) -> 5 | H36: =COUNTIFS(SuppData4_SNVINDEL!$B:$B,SuppData3_MutationalandClonalP!$B36,SuppData4_SNVINDEL!$F:$F,SuppData3_MutationalandClonalP!H$4) -> 3 | I36: =COUNTIFS(SuppData4_SNVINDEL!$B:$B,SuppData3_MutationalandClonalP!$B36,SuppData4_SNVINDEL!$F:$F,SuppData3_MutationalandClonalP!I$4) -> 0 | J36: =COUNTIFS(SuppData4_SNVINDEL!$B:$B,SuppData3_MutationalandClonalP!$B36,SuppData4_SNVINDEL!$F:$F,SuppData3_MutationalandClonalP!J$4) -> 0 | K36: =COUNTIFS(SuppData4_SNVINDEL!$B:$B,SuppData3_MutationalandClonalP!$B36,SuppData4_SNVINDEL!$F:$F,SuppData3_MutationalandClonalP!K$4) -> 0 | L36: =COUNTIFS(SuppData4_SNVINDEL!$B:$B,SuppData3_MutationalandClonalP!$B36,SuppData4_SNVINDEL!$F:$F,SuppData3_MutationalandClonalP!L$4) -> 1 | M36: =COUNTIFS(SuppData4_SNVINDEL!$B:$B,SuppData3_MutationalandClonalP!$B36,SuppData4_SNVINDEL!$F:$F,SuppData3_MutationalandClonalP!M$4) -> 1 | N36: =SUM(O36:Q36) -> 2 | O36: =COUNTIFS(SuppData4_SNVINDEL!$B:$B,SuppData3_MutationalandClonalP!$B36,SuppData4_SNVINDEL!$F:$F,SuppData3_MutationalandClonalP!O$4) -> 1 | P36: =COUNTIFS(SuppData4_SNVINDEL!$B:$B,SuppData3_MutationalandClonalP!$B36,SuppData4_SNVINDEL!$F:$F,SuppData3_MutationalandClonalP!P$4) -> 1 | Q36: =COUNTIFS(SuppData4_SNVINDEL!$B:$B,SuppData3_MutationalandClonalP!$B36,SuppData4_SNVINDEL!$F:$F,SuppData3_MutationalandClonalP!Q$4) -> 0 | R36: 91 | S36: =IFERROR(R36+F36,F36) -> 98 | T36: 77 | U36: =COUNTIFS(SuppData6_SV!A:A,SuppData3_MutationalandClonalP!B36,SuppData6_SV!U:U,"<>Yes") -> 8 | V36: =COUNTIFS(SuppData6_SV!A:A,SuppData3_MutationalandClonalP!B36,SuppData6_SV!U:U,"Yes") -> 0 | W36: =COUNTIFS(SuppData5_CNA!C:C,SuppData3_MutationalandClonalP!B36,SuppData5_CNA!H:H,"<>none") -> 5
A37: P69 | B37: P69-d0 | C37: Diagnosis | D37: B-ALL | E37: Early | F37: =G37+N37 -> 9 | G37: =SUM(H37:M37) -> 5 | H37: =COUNTIFS(SuppData4_SNVINDEL!$B:$B,SuppData3_MutationalandClonalP!$B37,SuppData4_SNVINDEL!$F:$F,SuppData3_MutationalandClonalP!H$4) -> 4 | I37: =COUNTIFS(SuppData4_SNVINDEL!$B:$B,SuppData3_MutationalandClonalP!$B37,SuppData4_SNVINDEL!$F:$F,SuppData3_MutationalandClonalP!I$4) -> 0 | J37: =COUNTIFS(SuppData4_SNVINDEL!$B:$B,SuppData3_MutationalandClonalP!$B37,SuppData4_SNVINDEL!$F:$F,SuppData3_MutationalandClonalP!J$4) -> 0 | K37: =COUNTIFS(SuppData4_SNVINDEL!$B:$B,SuppData3_MutationalandClonalP!$B37,SuppData4_SNVINDEL!$F:$F,SuppData3_MutationalandClonalP!K$4) -> 0 | L37: =COUNTIFS(SuppData4_SNVINDEL!$B:$B,SuppData3_MutationalandClonalP!$B37,SuppData4_SNVINDEL!$F:$F,SuppData3_MutationalandClonalP!L$4) -> 1 | M37: =COUNTIFS(SuppData4_SNVINDEL!$B:$B,SuppData3_MutationalandClonalP!$B37,SuppData4_SNVINDEL!$F:$F,SuppData3_MutationalandClonalP!M$4) -> 0 | N37: =SUM(O37:Q37) -> 4 | O37: =COUNTIFS(SuppData4_SNVINDEL!$B:$B,SuppData3_MutationalandClonalP!$B37,SuppData4_SNVINDEL!$F:$F,SuppData3_MutationalandClonalP!O$4) -> 2 | P37: =COUNTIFS(SuppData4_SNVINDEL!$B:$B,SuppData3_MutationalandClonalP!$B37,SuppData4_SNVINDEL!$F:$F,SuppData3_MutationalandClonalP!P$4) -> 0 | Q37: =COUNTIFS(SuppData4_SNVINDEL!$B:$B,SuppData3_MutationalandClonalP!$B37,SuppData4_SNVINDEL!$F:$F,SuppData3_MutationalandClonalP!Q$4) -> 2 | R37: 94 | S37: =IFERROR(R37+F37,F37) -> 103 | T37: na | U37: =COUNTIFS(SuppData6_SV!A:A,SuppData3_MutationalandClonalP!B37,SuppData6_SV!U:U,"<>Yes") -> 8 | V37: =COUNTIFS(SuppData6_SV!A:A,SuppData3_MutationalandClonalP!B37,SuppData6_SV!U:U,"Yes") -> 0 | W37: =COUNTIFS(SuppData5_CNA!C:C,SuppData3_MutationalandClonalP!B37,SuppData5_CNA!H:H,"<>none") -> 7 | X37: Single clone seed relapse
A38: P69 | B38: P69-d385 | C38: Relapse1 | D38: B-ALL | E38: Early | F38: =G38+N38 -> 79 | G38: =SUM(H38:M38) -> 44 | H38: =COUNTIFS(SuppData4_SNVINDEL!$B:$B,SuppData3_MutationalandClonalP!$B38,SuppData4_SNVINDEL!$F:$F,SuppData3_MutationalandClonalP!H$4) -> 33 | I38: =COUNTIFS(SuppData4_SNVINDEL!$B:$B,SuppData3_MutationalandClonalP!$B38,SuppData4_SNVINDEL!$F:$F,SuppData3_MutationalandClonalP!I$4) -> 1 | J38: =COUNTIFS(SuppData4_SNVINDEL!$B:$B,SuppData3_MutationalandClonalP!$B38,SuppData4_SNVINDEL!$F:$F,SuppData3_MutationalandClonalP!J$4) -> 1 | K38: =COUNTIFS(SuppData4_SNVINDEL!$B:$B,SuppData3_MutationalandClonalP!$B38,SuppData4_SNVINDEL!$F:$F,SuppData3_MutationalandClonalP!K$4) -> 2 | L38: =COUNTIFS(SuppData4_SNVINDEL!$B:$B,SuppData3_MutationalandClonalP!$B38,SuppData4_SNVINDEL!$F:$F,SuppData3_MutationalandClonalP!L$4) -> 3 | M38: =COUNTIFS(SuppData4_SNVINDEL!$B:$B,SuppData3_MutationalandClonalP!$B38,SuppData4_SNVINDEL!$F:$F,SuppData3_MutationalandClonalP!M$4) -> 4 | N38: =SUM(O38:Q38) -> 35 | O38: =COUNTIFS(SuppData4_SNVINDEL!$B:$B,SuppData3_MutationalandClonalP!$B38,SuppData4_SNVINDEL!$F:$F,SuppData3_MutationalandClonalP!O$4) -> 21 | P38: =COUNTIFS(SuppData4_SNVINDEL!$B:$B,SuppData3_MutationalandClonalP!$B38,SuppData4_SNVINDEL!$F:$F,SuppData3_MutationalandClonalP!P$4) -> 0 | Q38: =COUNTIFS(SuppData4_SNVINDEL!$B:$B,SuppData3_MutationalandClonalP!$B38,SuppData4_SNVINDEL!$F:$F,SuppData3_MutationalandClonalP!Q$4) -> 14 | R38: 1241 | S38: =IFERROR(R38+F38,F38) -> 1320 | T38: 1215 | U38: =COUNTIFS(SuppData6_SV!A:A,SuppData3_MutationalandClonalP!B38,SuppData6_SV!U:U,"<>Yes") -> 8 | V38: =COUNTIFS(SuppData6_SV!A:A,SuppData3_MutationalandClonalP!B38,SuppData6_SV!U:U,"Yes") -> 0 | W38: =COUNTIFS(SuppData5_CNA!C:C,SuppData3_MutationalandClonalP!B38,SuppData5_CNA!H:H,"<>none") -> 7
A39: P70 | B39: P70-d0 | C39: Diagnosis | D39: AML | E39: Early | F39: =G39+N39 -> 0 | G39: =SUM(H39:M39) -> 0 | H39: =COUNTIFS(SuppData4_SNVINDEL!$B:$B,SuppData3_MutationalandClonalP!$B39,SuppData4_SNVINDEL!$F:$F,SuppData3_MutationalandClonalP!H$4) -> 0 | I39: =COUNTIFS(SuppData4_SNVINDEL!$B:$B,SuppData3_MutationalandClonalP!$B39,SuppData4_SNVINDEL!$F:$F,SuppData3_MutationalandClonalP!I$4) -> 0 | J39: =COUNTIFS(SuppData4_SNVINDEL!$B:$B,SuppData3_MutationalandClonalP!$B39,SuppData4_SNVINDEL!$F:$F,SuppData3_MutationalandClonalP!J$4) -> 0 | K39: =COUNTIFS(SuppData4_SNVINDEL!$B:$B,SuppData3_MutationalandClonalP!$B39,SuppData4_SNVINDEL!$F:$F,SuppData3_MutationalandClonalP!K$4) -> 0 | L39: =COUNTIFS(SuppData4_SNVINDEL!$B:$B,SuppData3_MutationalandClonalP!$B39,SuppData4_SNVINDEL!$F:$F,SuppData3_MutationalandClonalP!L$4) -> 0 | M39: =COUNTIFS(SuppData4_SNVINDEL!$B:$B,SuppData3_MutationalandClonalP!$B39,SuppData4_SNVINDEL!$F:$F,SuppData3_MutationalandClonalP!M$4) -> 0 | N39: =SUM(O39:Q39) -> 0 | O39: =COUNTIFS(SuppData4_SNVINDEL!$B:$B,SuppData3_MutationalandClonalP!$B39,SuppData4_SNVINDEL!$F:$F,SuppData3_MutationalandClonalP!O$4) -> 0 | P39: =COUNTIFS(SuppData4_SNVINDEL!$B:$B,SuppData3_MutationalandClonalP!$B39,SuppData4_SNVINDEL!$F:$F,SuppData3_MutationalandClonalP!P$4) -> 0 | Q39: =COUNTIFS(SuppData4_SNVINDEL!$B:$B,SuppData3_MutationalandClonalP!$B39,SuppData4_SNVINDEL!$F:$F,SuppData3_MutationalandClonalP!Q$4) -> 0 | R39: na | S39: =IFERROR(R39+F39,F39) -> 0 | T39: na | U39: na | V39: na | W39: =COUNTIFS(SuppData5_CNA!C:C,SuppData3_MutationalandClonalP!B39,SuppData5_CNA!H:H,"<>none") -> 1
A40: P70 | B40: P70-d337 | C40: Relapse1 | D40: AML | E40: Early | F40: =G40+N40 -> 1 | G40: =SUM(H40:M40) -> 1 | H40: =COUNTIFS(SuppData4_SNVINDEL!$B:$B,SuppData3_MutationalandClonalP!$B40,SuppData4_SNVINDEL!$F:$F,SuppData3_MutationalandClonalP!H$4) -> 1 | I40: =COUNTIFS(SuppData4_SNVINDEL!$B:$B,SuppData3_MutationalandClonalP!$B40,SuppData4_SNVINDEL!$F:$F,SuppData3_MutationalandClonalP!I$4) -> 0 | J40: =COUNTIFS(SuppData4_SNVINDEL!$B:$B,SuppData3_MutationalandClonalP!$B40,SuppData4_SNVINDEL!$F:$F,SuppData3_MutationalandClonalP!J$4) -> 0 | K40: =COUNTIFS(SuppData4_SNVINDEL!$B:$B,SuppData3_MutationalandClonalP!$B40,SuppData4_SNVINDEL!$F:$F,SuppData3_MutationalandClonalP!K$4) -> 0 | L40: =COUNTIFS(SuppData4_SNVINDEL!$B:$B,SuppData3_MutationalandClonalP!$B40,SuppData4_SNVINDEL!$F:$F,SuppData3_MutationalandClonalP!L$4) -> 0 | M40: =COUNTIFS(SuppData4_SNVINDEL!$B:$B,SuppData3_MutationalandClonalP!$B40,SuppData4_SNVINDEL!$F:$F,SuppData3_MutationalandClonalP!M$4) -> 0 | N40: =SUM(O40:Q40) -> 0 | O40: =COUNTIFS(SuppData4_SNVINDEL!$B:$B,SuppData3_MutationalandClonalP!$B40,SuppData4_SNVINDEL!$F:$F,SuppData3_MutationalandClonalP!O$4) -> 0 | P40: =COUNTIFS(SuppData4_SNVINDEL!$B:$B,SuppData3_MutationalandClonalP!$B40,SuppData4_SNVINDEL!$F:$F,SuppData3_MutationalandClonalP!P$4) -> 0 | Q40: =COUNTIFS(SuppData4_SNVINDEL!$B:$B,SuppData3_MutationalandClonalP!$B40,SuppData4_SNVINDEL!$F:$F,SuppData3_MutationalandClonalP!Q$4) -> 0 | R40: na | S40: =IFERROR(R40+F40,F40) -> 1 | T40: na | U40: na | V40: na | W40: =COUNTIFS(SuppData5_CNA!C:C,SuppData3_MutationalandClonalP!B40,SuppData5_CNA!H:H,"<>none") -> 2
A41: P89 | B41: P89-d0 | C41: Diagnosis | D41: B-ALL | E41: Very early | F41: =G41+N41 -> 7 | G41: =SUM(H41:M41) -> 5 | H41: =COUNTIFS(SuppData4_SNVINDEL!$B:$B,SuppData3_MutationalandClonalP!$B41,SuppData4_SNVINDEL!$F:$F,SuppData3_MutationalandClonalP!H$4) -> 3 | I41: =COUNTIFS(SuppData4_SNVINDEL!$B:$B,SuppData3_MutationalandClonalP!$B41,SuppData4_SNVINDEL!$F:$F,SuppData3_MutationalandClonalP!I$4) -> 0 | J41: =COUNTIFS(SuppData4_SNVINDEL!$B:$B,SuppData3_MutationalandClonalP!$B41,SuppData4_SNVINDEL!$F:$F,SuppData3_MutationalandClonalP!J$4) -> 0 | K41: =COUNTIFS(SuppData4_SNVINDEL!$B:$B,SuppData3_MutationalandClonalP!$B41,SuppData4_SNVINDEL!$F:$F,SuppData3_MutationalandClonalP!K$4) -> 1 | L41: =COUNTIFS(SuppData4_SNVINDEL!$B:$B,SuppData3_MutationalandClonalP!$B41,SuppData4_SNVINDEL!$F:$F,SuppData3_MutationalandClonalP!L$4) -> 0 | M41: =COUNTIFS(SuppData4_SNVINDEL!$B:$B,SuppData3_MutationalandClonalP!$B41,SuppData4_SNVINDEL!$F:$F,SuppData3_MutationalandClonalP!M$4) -> 1 | N41: =SUM(O41:Q41) -> 2 | O41: =COUNTIFS(SuppData4_SNVINDEL!$B:$B,SuppData3_MutationalandClonalP!$B41,SuppData4_SNVINDEL!$F:$F,SuppData3_MutationalandClonalP!O$4) -> 1 | P41: =COUNTIFS(SuppData4_SNVINDEL!$B:$B,SuppData3_MutationalandClonalP!$B41,SuppData4_SNVINDEL!$F:$F,SuppData3_MutationalandClonalP!P$4) -> 0 | Q41: =COUNTIFS(SuppData4_SNVINDEL!$B:$B,SuppData3_MutationalandClonalP!$B41,SuppData4_SNVINDEL!$F:$F,SuppData3_MutationalandClonalP!Q$4) -> 1 | R41: 169 | S41: =IFERROR(R41+F41,F41) -> 176 | T41: na | U41: =COUNTIFS(SuppData6_SV!A:A,SuppData3_MutationalandClonalP!B41,SuppData6_SV!U:U,"<>Yes") -> 19 | V41: =COUNTIFS(SuppData6_SV!A:A,SuppData3_MutationalandClonalP!B41,SuppData6_SV!U:U,"Yes") -> 0 | W41: =COUNTIFS(SuppData5_CNA!C:C,SuppData3_MutationalandClonalP!B41,SuppData5_CNA!H:H,"<>none") -> 10 | X41: Single clone seed relapse
A42: P89 | B42: P89-d398 | C42: Relapse3 | D42: B-ALL | E42: Very early | F42: =G42+N42 -> 58 | G42: =SUM(H42:M42) -> 32 | H42: =COUNTIFS(SuppData4_SNVINDEL!$B:$B,SuppData3_MutationalandClonalP!$B42,SuppData4_SNVINDEL!$F:$F,SuppData3_MutationalandClonalP!H$4) -> 22 | I42: =COUNTIFS(SuppData4_SNVINDEL!$B:$B,SuppData3_MutationalandClonalP!$B42,SuppData4_SNVINDEL!$F:$F,SuppData3_MutationalandClonalP!I$4) -> 2 | J42: =COUNTIFS(SuppData4_SNVINDEL!$B:$B,SuppData3_MutationalandClonalP!$B42,SuppData4_SNVINDEL!$F:$F,SuppData3_MutationalandClonalP!J$4) -> 3 | K42: =COUNTIFS(SuppData4_SNVINDEL!$B:$B,SuppData3_MutationalandClonalP!$B42,SuppData4_SNVINDEL!$F:$F,SuppData3_MutationalandClonalP!K$4) -> 1 | L42: =COUNTIFS(SuppData4_SNVINDEL!$B:$B,SuppData3_MutationalandClonalP!$B42,SuppData4_SNVINDEL!$F:$F,SuppData3_MutationalandClonalP!L$4) -> 1 | M42: =COUNTIFS(SuppData4_SNVINDEL!$B:$B,SuppData3_MutationalandClonalP!$B42,SuppData4_SNVINDEL!$F:$F,SuppData3_MutationalandClonalP!M$4) -> 3 | N42: =SUM(O42:Q42) -> 26 | O42: =COUNTIFS(SuppData4_SNVINDEL!$B:$B,SuppData3_MutationalandClonalP!$B42,SuppData4_SNVINDEL!$F:$F,SuppData3_MutationalandClonalP!O$4) -> 15 | P42: =COUNTIFS(SuppData4_SNVINDEL!$B:$B,SuppData3_MutationalandClonalP!$B42,SuppData4_SNVINDEL!$F:$F,SuppData3_MutationalandClonalP!P$4) -> 1 | Q42: =COUNTIFS(SuppData4_SNVINDEL!$B:$B,SuppData3_MutationalandClonalP!$B42,SuppData4_SNVINDEL!$F:$F,SuppData3_MutationalandClonalP!Q$4) -> 10 | R42: 1253 | S42: =IFERROR(R42+F42,F42) -> 1311 | T42: 1201 | U42: =COUNTIFS(SuppData6_SV!A:A,SuppData3_MutationalandClonalP!B42,SuppData6_SV!U:U,"<>Yes") -> 6 | V42: =COUNTIFS(SuppData6_SV!A:A,SuppData3_MutationalandClonalP!B42,SuppData6_SV!U:U,"Yes") -> 0 | W42: =COUNTIFS(SuppData5_CNA!C:C,SuppData3_MutationalandClonalP!B42,SuppData5_CNA!H:H,"<>none") -> 3
A43: P89 | B43: P89-d299 | C43: Relapse2 | D43: B-ALL | E43: Very early | F43: =G43+N43 -> 13 | G43: =SUM(H43:M43) -> 10 | H43: =COUNTIFS(SuppData4_SNVINDEL!$B:$B,SuppData3_MutationalandClonalP!$B43,SuppData4_SNVINDEL!$F:$F,SuppData3_MutationalandClonalP!H$4) -> 8 | I43: =COUNTIFS(SuppData4_SNVINDEL!$B:$B,SuppData3_MutationalandClonalP!$B43,SuppData4_SNVINDEL!$F:$F,SuppData3_MutationalandClonalP!I$4) -> 0 | J43: =COUNTIFS(SuppData4_SNVINDEL!$B:$B,SuppData3_MutationalandClonalP!$B43,SuppData4_SNVINDEL!$F:$F,SuppData3_MutationalandClonalP!J$4) -> 1 | K43: =COUNTIFS(SuppData4_SNVINDEL!$B:$B,SuppData3_MutationalandClonalP!$B43,SuppData4_SNVINDEL!$F:$F,SuppData3_MutationalandClonalP!K$4) -> 1 | L43: =COUNTIFS(SuppData4_SNVINDEL!$B:$B,SuppData3_MutationalandClonalP!$B43,SuppData4_SNVINDEL!$F:$F,SuppData3_MutationalandClonalP!L$4) -> 0 | M43: =COUNTIFS(SuppData4_SNVINDEL!$B:$B,SuppData3_MutationalandClonalP!$B43,SuppData4_SNVINDEL!$F:$F,SuppData3_MutationalandClonalP!M$4) -> 0 | N43: =SUM(O43:Q43) -> 3 | O43: =COUNTIFS(SuppData4_SNVINDEL!$B:$B,SuppData3_MutationalandClonalP!$B43,SuppData4_SNVINDEL!$F:$F,SuppData3_MutationalandClonalP!O$4) -> 1 | P43: =COUNTIFS(SuppData4_SNVINDEL!$B:$B,SuppData3_MutationalandClonalP!$B43,SuppData4_SNVINDEL!$F:$F,SuppData3_MutationalandClonalP!P$4) -> 0 | Q43: =COUNTIFS(SuppData4_SNVINDEL!$B:$B,SuppData3_MutationalandClonalP!$B43,SuppData4_SNVINDEL!$F:$F,SuppData3_MutationalandClonalP!Q$4) -> 2 | R43: na | S43: =IFERROR(R43+F43,F43) -> 13 | T43: na | U43: na | V43: na | W43: =COUNTIFS(SuppData5_CNA!C:C,SuppData3_MutationalandClonalP!B43,SuppData5_CNA!H:H,"<>none") -> 1
A44: P95 | B44: P95-d0 | C44: Diagnosis | D44: AML | E44: Late | F44: =G44+N44 -> 6 | G44: =SUM(H44:M44) -> 4 | H44: =COUNTIFS(SuppData4_SNVINDEL!$B:$B,SuppData3_MutationalandClonalP!$B44,SuppData4_SNVINDEL!$F:$F,SuppData3_MutationalandClonalP!H$4) -> 3 | I44: =COUNTIFS(SuppData4_SNVINDEL!$B:$B,SuppData3_MutationalandClonalP!$B44,SuppData4_SNVINDEL!$F:$F,SuppData3_MutationalandClonalP!I$4) -> 1 | J44: =COUNTIFS(SuppData4_SNVINDEL!$B:$B,SuppData3_MutationalandClonalP!$B44,SuppData4_SNVINDEL!$F:$F,SuppData3_MutationalandClonalP!J$4) -> 0 | K44: =COUNTIFS(SuppData4_SNVINDEL!$B:$B,SuppData3_MutationalandClonalP!$B44,SuppData4_SNVINDEL!$F:$F,SuppData3_MutationalandClonalP!K$4) -> 0 | L44: =COUNTIFS(SuppData4_SNVINDEL!$B:$B,SuppData3_MutationalandClonalP!$B44,SuppData4_SNVINDEL!$F:$F,SuppData3_MutationalandClonalP!L$4) -> 0 | M44: =COUNTIFS(SuppData4_SNVINDEL!$B:$B,SuppData3_MutationalandClonalP!$B44,SuppData4_SNVINDEL!$F:$F,SuppData3_MutationalandClonalP!M$4) -> 0 | N44: =SUM(O44:Q44) -> 2 | O44: =COUNTIFS(SuppData4_SNVINDEL!$B:$B,SuppData3_MutationalandClonalP!$B44,SuppData4_SNVINDEL!$F:$F,SuppData3_MutationalandClonalP!O$4) -> 2 | P44: =COUNTIFS(SuppData4_SNVINDEL!$B:$B,SuppData3_MutationalandClonalP!$B44,SuppData4_SNVINDEL!$F:$F,SuppData3_MutationalandClonalP!P$4) -> 0 | Q44: =COUNTIFS(SuppData4_SNVINDEL!$B:$B,SuppData3_MutationalandClonalP!$B44,SuppData4_SNVINDEL!$F:$F,SuppData3_MutationalandClonalP!Q$4) -> 0 | R44: 199 | S44: =IFERROR(R44+F44,F44) -> 205 | T44: na | U44: =COUNTIFS(SuppData6_SV!A:A,SuppData3_MutationalandClonalP!B44,SuppData6_SV!U:U,"<>Yes") -> 2 | V44: =COUNTIFS(SuppData6_SV!A:A,SuppData3_MutationalandClonalP!B44,SuppData6_SV!U:U,"Yes") -> 0 | W44: =COUNTIFS(SuppData5_CNA!C:C,SuppData3_MutationalandClonalP!B44,SuppData5_CNA!H:H,"<>none") -> 1 | X44: Single clone seed relapse†
A45: P95 | B45: P95-d927 | C45: Relapse1 | D45: AML | E45: Late | F45: =G45+N45 -> 8 | G45: =SUM(H45:M45) -> 6 | H45: =COUNTIFS(SuppData4_SNVINDEL!$B:$B,SuppData3_MutationalandClonalP!$B45,SuppData4_SNVINDEL!$F:$F,SuppData3_MutationalandClonalP!H$4) -> 6 | I45: =COUNTIFS(SuppData4_SNVINDEL!$B:$B,SuppData3_MutationalandClonalP!$B45,SuppData4_SNVINDEL!$F:$F,SuppData3_MutationalandClonalP!I$4) -> 0 | J45: =COUNTIFS(SuppData4_SNVINDEL!$B:$B,SuppData3_MutationalandClonalP!$B45,SuppData4_SNVINDEL!$F:$F,SuppData3_MutationalandClonalP!J$4) -> 0 | K45: =COUNTIFS(SuppData4_SNVINDEL!$B:$B,SuppData3_MutationalandClonalP!$B45,SuppData4_SNVINDEL!$F:$F,SuppData3_MutationalandClonalP!K$4) -> 0 | L45: =COUNTIFS(SuppData4_SNVINDEL!$B:$B,SuppData3_MutationalandClonalP!$B45,SuppData4_SNVINDEL!$F:$F,SuppData3_MutationalandClonalP!L$4) -> 0 | M45: =COUNTIFS(SuppData4_SNVINDEL!$B:$B,SuppData3_MutationalandClonalP!$B45,SuppData4_SNVINDEL!$F:$F,SuppData3_MutationalandClonalP!M$4) -> 0 | N45: =SUM(O45:Q45) -> 2 | O45: =COUNTIFS(SuppData4_SNVINDEL!$B:$B,SuppData3_MutationalandClonalP!$B45,SuppData4_SNVINDEL!$F:$F,SuppData3_MutationalandClonalP!O$4) -> 2 | P45: =COUNTIFS(SuppData4_SNVINDEL!$B:$B,SuppData3_MutationalandClonalP!$B45,SuppData4_SNVINDEL!$F:$F,SuppData3_MutationalandClonalP!P$4) -> 0 | Q45: =COUNTIFS(SuppData4_SNVINDEL!$B:$B,SuppData3_MutationalandClonalP!$B45,SuppData4_SNVINDEL!$F:$F,SuppData3_MutationalandClonalP!Q$4) -> 0 | R45: 1147 | S45: =IFERROR(R45+F45,F45) -> 1155 | T45: 1119 | U45: =COUNTIFS(SuppData6_SV!A:A,SuppData3_MutationalandClonalP!B45,SuppData6_SV!U:U,"<>Yes") -> 2 | V45: =COUNTIFS(SuppData6_SV!A:A,SuppData3_MutationalandClonalP!B45,SuppData6_SV!U:U,"Yes") -> 0 | W45: =COUNTIFS(SuppData5_CNA!C:C,SuppData3_MutationalandClonalP!B45,SuppData5_CNA!H:H,"<>none") -> 2
A46: P99 | B46: P99-d0 | C46: Diagnosis | D46: AML | E46: Late | F46: =G46+N46 -> 4 | G46: =SUM(H46:M46) -> 2 | H46: =COUNTIFS(SuppData4_SNVINDEL!$B:$B,SuppData3_MutationalandClonalP!$B46,SuppData4_SNVINDEL!$F:$F,SuppData3_MutationalandClonalP!H$4) -> 2 | I46: =COUNTIFS(SuppData4_SNVINDEL!$B:$B,SuppData3_MutationalandClonalP!$B46,SuppData4_SNVINDEL!$F:$F,SuppData3_MutationalandClonalP!I$4) -> 0 | J46: =COUNTIFS(SuppData4_SNVINDEL!$B:$B,SuppData3_MutationalandClonalP!$B46,SuppData4_SNVINDEL!$F:$F,SuppData3_MutationalandClonalP!J$4) -> 0 | K46: =COUNTIFS(SuppData4_SNVINDEL!$B:$B,SuppData3_MutationalandClonalP!$B46,SuppData4_SNVINDEL!$F:$F,SuppData3_MutationalandClonalP!K$4) -> 0 | L46: =COUNTIFS(SuppData4_SNVINDEL!$B:$B,SuppData3_MutationalandClonalP!$B46,SuppData4_SNVINDEL!$F:$F,SuppData3_MutationalandClonalP!L$4) -> 0 | M46: =COUNTIFS(SuppData4_SNVINDEL!$B:$B,SuppData3_MutationalandClonalP!$B46,SuppData4_SNVINDEL!$F:$F,SuppData3_MutationalandClonalP!M$4) -> 0 | N46: =SUM(O46:Q46) -> 2 | O46: =COUNTIFS(SuppData4_SNVINDEL!$B:$B,SuppData3_MutationalandClonalP!$B46,SuppData4_SNVINDEL!$F:$F,SuppData3_MutationalandClonalP!O$4) -> 1 | P46: =COUNTIFS(SuppData4_SNVINDEL!$B:$B,SuppData3_MutationalandClonalP!$B46,SuppData4_SNVINDEL!$F:$F,SuppData3_MutationalandClonalP!P$4) -> 0 | Q46: =COUNTIFS(SuppData4_SNVINDEL!$B:$B,SuppData3_MutationalandClonalP!$B46,SuppData4_SNVINDEL!$F:$F,SuppData3_MutationalandClonalP!Q$4) -> 1 | R46: 108 | S46: =IFERROR(R46+F46,F46) -> 112 | T46: na | U46: =COUNTIFS(SuppData6_SV!A:A,SuppData3_MutationalandClonalP!B46,SuppData6_SV!U:U,"<>Yes") -> 5 | V46: =COUNTIFS(SuppData6_SV!A:A,SuppData3_MutationalandClonalP!B46,SuppData6_SV!U:U,"Yes") -> 0 | W46: =COUNTIFS(SuppData5_CNA!C:C,SuppData3_MutationalandClonalP!B46,SuppData5_CNA!H:H,"<>none") -> 3 | X46: Mulitple clones seed relapse
A47: P99 | B47: P99-d477 | C47: Relapse1 | D47: AML | E47: Late | F47: =G47+N47 -> 26 | G47: =SUM(H47:M47) -> 15 | H47: =COUNTIFS(SuppData4_SNVINDEL!$B:$B,SuppData3_MutationalandClonalP!$B47,SuppData4_SNVINDEL!$F:$F,SuppData3_MutationalandClonalP!H$4) -> 9 | I47: =COUNTIFS(SuppData4_SNVINDEL!$B:$B,SuppData3_MutationalandClonalP!$B47,SuppData4_SNVINDEL!$F:$F,SuppData3_MutationalandClonalP!I$4) -> 1 | J47: =COUNTIFS(SuppData4_SNVINDEL!$B:$B,SuppData3_MutationalandClonalP!$B47,SuppData4_SNVINDEL!$F:$F,SuppData3_MutationalandClonalP!J$4) -> 0 | K47: =COUNTIFS(SuppData4_SNVINDEL!$B:$B,SuppData3_MutationalandClonalP!$B47,SuppData4_SNVINDEL!$F:$F,SuppData3_MutationalandClonalP!K$4) -> 3 | L47: =COUNTIFS(SuppData4_SNVINDEL!$B:$B,SuppData3_MutationalandClonalP!$B47,SuppData4_SNVINDEL!$F:$F,SuppData3_MutationalandClonalP!L$4) -> 2 | M47: =COUNTIFS(SuppData4_SNVINDEL!$B:$B,SuppData3_MutationalandClonalP!$B47,SuppData4_SNVINDEL!$F:$F,SuppData3_MutationalandClonalP!M$4) -> 0 | N47: =SUM(O47:Q47) -> 11 | O47: =COUNTIFS(SuppData4_SNVINDEL!$B:$B,SuppData3_MutationalandClonalP!$B47,SuppData4_SNVINDEL!$F:$F,SuppData3_MutationalandClonalP!O$4) -> 8 | P47: =COUNTIFS(SuppData4_SNVINDEL!$B:$B,SuppData3_MutationalandClonalP!$B47,SuppData4_SNVINDEL!$F:$F,SuppData3_MutationalandClonalP!P$4) -> 2 | Q47: =COUNTIFS(SuppData4_SNVINDEL!$B:$B,SuppData3_MutationalandClonalP!$B47,SuppData4_SNVINDEL!$F:$F,SuppData3_MutationalandClonalP!Q$4) -> 1 | R47: 377 | S47: =IFERROR(R47+F47,F47) -> 403 | T47: 310 | U47: =COUNTIFS(SuppData6_SV!A:A,SuppData3_MutationalandClonalP!B47,SuppData6_SV!U:U,"<>Yes") -> 8 | V47: =COUNTIFS(SuppData6_SV!A:A,SuppData3_MutationalandClonalP!B47,SuppData6_SV!U:U,"Yes") -> 0 | W47: =COUNTIFS(SuppData5_CNA!C:C,SuppData3_MutationalandClonalP!B47,SuppData5_CNA!H:H,"<>none") -> 7
A48: P100 | B48: P100-d0 | C48: Diagnosis | D48: AML | E48: Late | F48: =G48+N48 -> 14 | G48: =SUM(H48:M48) -> 6 | H48: =COUNTIFS(SuppData4_SNVINDEL!$B:$B,SuppData3_MutationalandClonalP!$B48,SuppData4_SNVINDEL!$F:$F,SuppData3_MutationalandClonalP!H$4) -> 2 | I48: =COUNTIFS(SuppData4_SNVINDEL!$B:$B,SuppData3_MutationalandClonalP!$B48,SuppData4_SNVINDEL!$F:$F,SuppData3_MutationalandClonalP!I$4) -> 3 | J48: =COUNTIFS(SuppData4_SNVINDEL!$B:$B,SuppData3_MutationalandClonalP!$B48,SuppData4_SNVINDEL!$F:$F,SuppData3_MutationalandClonalP!J$4) -> 0 | K48: =COUNTIFS(SuppData4_SNVINDEL!$B:$B,SuppData3_MutationalandClonalP!$B48,SuppData4_SNVINDEL!$F:$F,SuppData3_MutationalandClonalP!K$4) -> 1 | L48: =COUNTIFS(SuppData4_SNVINDEL!$B:$B,SuppData3_MutationalandClonalP!$B48,SuppData4_SNVINDEL!$F:$F,SuppData3_MutationalandClonalP!L$4) -> 0 | M48: =COUNTIFS(SuppData4_SNVINDEL!$B:$B,SuppData3_MutationalandClonalP!$B48,SuppData4_SNVINDEL!$F:$F,SuppData3_MutationalandClonalP!M$4) -> 0 | N48: =SUM(O48:Q48) -> 8 | O48: =COUNTIFS(SuppData4_SNVINDEL!$B:$B,SuppData3_MutationalandClonalP!$B48,SuppData4_SNVINDEL!$F:$F,SuppData3_MutationalandClonalP!O$4) -> 3 | P48: =COUNTIFS(SuppData4_SNVINDEL!$B:$B,SuppData3_MutationalandClonalP!$B48,SuppData4_SNVINDEL!$F:$F,SuppData3_MutationalandClonalP!P$4) -> 2 | Q48: =COUNTIFS(SuppData4_SNVINDEL!$B:$B,SuppData3_MutationalandClonalP!$B48,SuppData4_SNVINDEL!$F:$F,SuppData3_MutationalandClonalP!Q$4) -> 3 | R48: 182 | S48: =IFERROR(R48+F48,F48) -> 196 | T48: na | U48: =COUNTIFS(SuppData6_SV!A:A,SuppData3_MutationalandClonalP!B48,SuppData6_SV!U:U,"<>Yes") -> 2 | V48: =COUNTIFS(SuppData6_SV!A:A,SuppData3_MutationalandClonalP!B48,SuppData6_SV!U:U,"Yes") -> 0 | W48: =COUNTIFS(SuppData5_CNA!C:C,SuppData3_MutationalandClonalP!B48,SuppData5_CNA!H:H,"<>none") -> 1 | X48: Mulitple clones seed relapse
A49: P100 | B49: P100-d372 | C49: Relapse1 | D49: AML | E49: Late | F49: =G49+N49 -> 7 | G49: =SUM(H49:M49) -> 3 | H49: =COUNTIFS(SuppData4_SNVINDEL!$B:$B,SuppData3_MutationalandClonalP!$B49,SuppData4_SNVINDEL!$F:$F,SuppData3_MutationalandClonalP!H$4) -> 0 | I49: =COUNTIFS(SuppData4_SNVINDEL!$B:$B,SuppData3_MutationalandClonalP!$B49,SuppData4_SNVINDEL!$F:$F,SuppData3_MutationalandClonalP!I$4) -> 2 | J49: =COUNTIFS(SuppData4_SNVINDEL!$B:$B,SuppData3_MutationalandClonalP!$B49,SuppData4_SNVINDEL!$F:$F,SuppData3_MutationalandClonalP!J$4) -> 0 | K49: =COUNTIFS(SuppData4_SNVINDEL!$B:$B,SuppData3_MutationalandClonalP!$B49,SuppData4_SNVINDEL!$F:$F,SuppData3_MutationalandClonalP!K$4) -> 1 | L49: =COUNTIFS(SuppData4_SNVINDEL!$B:$B,SuppData3_MutationalandClonalP!$B49,SuppData4_SNVINDEL!$F:$F,SuppData3_MutationalandClonalP!L$4) -> 0 | M49: =COUNTIFS(SuppData4_SNVINDEL!$B:$B,SuppData3_MutationalandClonalP!$B49,SuppData4_SNVINDEL!$F:$F,SuppData3_MutationalandClonalP!M$4) -> 0 | N49: =SUM(O49:Q49) -> 4 | O49: =COUNTIFS(SuppData4_SNVINDEL!$B:$B,SuppData3_MutationalandClonalP!$B49,SuppData4_SNVINDEL!$F:$F,SuppData3_MutationalandClonalP!O$4) -> 0 | P49: =COUNTIFS(SuppData4_SNVINDEL!$B:$B,SuppData3_MutationalandClonalP!$B49,SuppData4_SNVINDEL!$F:$F,SuppData3_MutationalandClonalP!P$4) -> 2 | Q49: =COUNTIFS(SuppData4_SNVINDEL!$B:$B,SuppData3_MutationalandClonalP!$B49,SuppData4_SNVINDEL!$F:$F,SuppData3_MutationalandClonalP!Q$4) -> 2 | R49: 124 | S49: =IFERROR(R49+F49,F49) -> 131 | T49: 39 | U49: =COUNTIFS(SuppData6_SV!A:A,SuppData3_MutationalandClonalP!B49,SuppData6_SV!U:U,"<>Yes") -> 2 | V49: =COUNTIFS(SuppData6_SV!A:A,SuppData3_MutationalandClonalP!B49,SuppData6_SV!U:U,"Yes") -> 0 | W49: =COUNTIFS(SuppData5_CNA!C:C,SuppData3_MutationalandClonalP!B49,SuppData5_CNA!H:H,"<>none") -> 1
A50: P110 | B50: P110-d0 | C50: Diagnosis | D50: AML | E50: Early | F50: =G50+N50 -> 18 | G50: =SUM(H50:M50) -> 8 | H50: =COUNTIFS(SuppData4_SNVINDEL!$B:$B,SuppData3_MutationalandClonalP!$B50,SuppData4_SNVINDEL!$F:$F,SuppData3_MutationalandClonalP!H$4) -> 7 | I50: =COUNTIFS(SuppData4_SNVINDEL!$B:$B,SuppData3_MutationalandClonalP!$B50,SuppData4_SNVINDEL!$F:$F,SuppData3_MutationalandClonalP!I$4) -> 0 | J50: =COUNTIFS(SuppData4_SNVINDEL!$B:$B,SuppData3_MutationalandClonalP!$B50,SuppData4_SNVINDEL!$F:$F,SuppData3_MutationalandClonalP!J$4) -> 0 | K50: =COUNTIFS(SuppData4_SNVINDEL!$B:$B,SuppData3_MutationalandClonalP!$B50,SuppData4_SNVINDEL!$F:$F,SuppData3_MutationalandClonalP!K$4) -> 1 | L50: =COUNTIFS(SuppData4_SNVINDEL!$B:$B,SuppData3_MutationalandClonalP!$B50,SuppData4_SNVINDEL!$F:$F,SuppData3_MutationalandClonalP!L$4) -> 0 | M50: =COUNTIFS(SuppData4_SNVINDEL!$B:$B,SuppData3_MutationalandClonalP!$B50,SuppData4_SNVINDEL!$F:$F,SuppData3_MutationalandClonalP!M$4) -> 0 | N50: =SUM(O50:Q50) -> 10 | O50: =COUNTIFS(SuppData4_SNVINDEL!$B:$B,SuppData3_MutationalandClonalP!$B50,SuppData4_SNVINDEL!$F:$F,SuppData3_MutationalandClonalP!O$4) -> 6 | P50: =COUNTIFS(SuppData4_SNVINDEL!$B:$B,SuppData3_MutationalandClonalP!$B50,SuppData4_SNVINDEL!$F:$F,SuppData3_MutationalandClonalP!P$4) -> 1 | Q50: =COUNTIFS(SuppData4_SNVINDEL!$B:$B,SuppData3_MutationalandClonalP!$B50,SuppData4_SNVINDEL!$F:$F,SuppData3_MutationalandClonalP!Q$4) -> 3 | R50: 0 | S50: =IFERROR(R50+F50,F50) -> 18 | T50: na | U50: =COUNTIFS(SuppData6_SV!A:A,SuppData3_MutationalandClonalP!B50,SuppData6_SV!U:U,"<>Yes") -> 8 | V50: =COUNTIFS(SuppData6_SV!A:A,SuppData3_MutationalandClonalP!B50,SuppData6_SV!U:U,"Yes") -> 0 | W50: =COUNTIFS(SuppData5_CNA!C:C,SuppData3_MutationalandClonalP!B50,SuppData5_CNA!H:H,"<>none") -> 5
A51: P110 | B51: P110-d287 | C51: Relapse2 | D51: AML | E51: Early | F51: =G51+N51 -> 60 | G51: =SUM(H51:M51) -> 25 | H51: =COUNTIFS(SuppData4_SNVINDEL!$B:$B,SuppData3_MutationalandClonalP!$B51,SuppData4_SNVINDEL!$F:$F,SuppData3_MutationalandClonalP!H$4) -> 19 | I51: =COUNTIFS(SuppData4_SNVINDEL!$B:$B,SuppData3_MutationalandClonalP!$B51,SuppData4_SNVINDEL!$F:$F,SuppData3_MutationalandClonalP!I$4) -> 1 | J51: =COUNTIFS(SuppData4_SNVINDEL!$B:$B,SuppData3_MutationalandClonalP!$B51,SuppData4_SNVINDEL!$F:$F,SuppData3_MutationalandClonalP!J$4) -> 1 | K51: =COUNTIFS(SuppData4_SNVINDEL!$B:$B,SuppData3_MutationalandClonalP!$B51,SuppData4_SNVINDEL!$F:$F,SuppData3_MutationalandClonalP!K$4) -> 0 | L51: =COUNTIFS(SuppData4_SNVINDEL!$B:$B,SuppData3_MutationalandClonalP!$B51,SuppData4_SNVINDEL!$F:$F,SuppData3_MutationalandClonalP!L$4) -> 0 | M51: =COUNTIFS(SuppData4_SNVINDEL!$B:$B,SuppData3_MutationalandClonalP!$B51,SuppData4_SNVINDEL!$F:$F,SuppData3_MutationalandClonalP!M$4) -> 4 | N51: =SUM(O51:Q51) -> 35 | O51: =COUNTIFS(SuppData4_SNVINDEL!$B:$B,SuppData3_MutationalandClonalP!$B51,SuppData4_SNVINDEL!$F:$F,SuppData3_MutationalandClonalP!O$4) -> 17 | P51: =COUNTIFS(SuppData4_SNVINDEL!$B:$B,SuppData3_MutationalandClonalP!$B51,SuppData4_SNVINDEL!$F:$F,SuppData3_MutationalandClonalP!P$4) -> 5 | Q51: =COUNTIFS(SuppData4_SNVINDEL!$B:$B,SuppData3_MutationalandClonalP!$B51,SuppData4_SNVINDEL!$F:$F,SuppData3_MutationalandClonalP!Q$4) -> 13 | R51: na | S51: =IFERROR(R51+F51,F51) -> 60 | T51: na | U51: na | V51: na | W51: Failed CNA analysis
A52: P121 | B52: P121-d0 | C52: Diagnosis | D52: B-ALL | E52: Early | F52: =G52+N52 -> 1 | G52: =SUM(H52:M52) -> 1 | H52: =COUNTIFS(SuppData4_SNVINDEL!$B:$B,SuppData3_MutationalandClonalP!$B52,SuppData4_SNVINDEL!$F:$F,SuppData3_MutationalandClonalP!H$4) -> 1 | I52: =COUNTIFS(SuppData4_SNVINDEL!$B:$B,SuppData3_MutationalandClonalP!$B52,SuppData4_SNVINDEL!$F:$F,SuppData3_MutationalandClonalP!I$4) -> 0 | J52: =COUNTIFS(SuppData4_SNVINDEL!$B:$B,SuppData3_MutationalandClonalP!$B52,SuppData4_SNVINDEL!$F:$F,SuppData3_MutationalandClonalP!J$4) -> 0 | K52: =COUNTIFS(SuppData4_SNVINDEL!$B:$B,SuppData3_MutationalandClonalP!$B52,SuppData4_SNVINDEL!$F:$F,SuppData3_MutationalandClonalP!K$4) -> 0 | L52: =COUNTIFS(SuppData4_SNVINDEL!$B:$B,SuppData3_MutationalandClonalP!$B52,SuppData4_SNVINDEL!$F:$F,SuppData3_MutationalandClonalP!L$4) -> 0 | M52: =COUNTIFS(SuppData4_SNVINDEL!$B:$B,SuppData3_MutationalandClonalP!$B52,SuppData4_SNVINDEL!$F:$F,SuppData3_MutationalandClonalP!M$4) -> 0 | N52: =SUM(O52:Q52) -> 0 | O52: =COUNTIFS(SuppData4_SNVINDEL!$B:$B,SuppData3_MutationalandClonalP!$B52,SuppData4_SNVINDEL!$F:$F,SuppData3_MutationalandClonalP!O$4) -> 0 | P52: =COUNTIFS(SuppData4_SNVINDEL!$B:$B,SuppData3_MutationalandClonalP!$B52,SuppData4_SNVINDEL!$F:$F,SuppData3_MutationalandClonalP!P$4) -> 0 | Q52: =COUNTIFS(SuppData4_SNVINDEL!$B:$B,SuppData3_MutationalandClonalP!$B52,SuppData4_SNVINDEL!$F:$F,SuppData3_MutationalandClonalP!Q$4) -> 0 | R52: na | S52: =IFERROR(R52+F52,F52) -> 1 | T52: na | U52: =COUNTIFS(SuppData6_SV!A:A,SuppData3_MutationalandClonalP!B52,SuppData6_SV!U:U,"<>Yes") -> 2 | V52: =COUNTIFS(SuppData6_SV!A:A,SuppData3_MutationalandClonalP!B52,SuppData6_SV!U:U,"Yes") -> 0 | W52: =COUNTIFS(SuppData5_CNA!C:C,SuppData3_MutationalandClonalP!B52,SuppData5_CNA!H:H,"<>none") -> 0
A53: P121 | B53: P121-d622 | C53: Relapse1 | D53: B-ALL | E53: Early | F53: =G53+N53 -> 1 | G53: =SUM(H53:M53) -> 1 | H53: =COUNTIFS(SuppData4_SNVINDEL!$B:$B,SuppData3_MutationalandClonalP!$B53,SuppData4_SNVINDEL!$F:$F,SuppData3_MutationalandClonalP!H$4) -> 1 | I53: =COUNTIFS(SuppData4_SNVINDEL!$B:$B,SuppData3_MutationalandClonalP!$B53,SuppData4_SNVINDEL!$F:$F,SuppData3_MutationalandClonalP!I$4) -> 0 | J53: =COUNTIFS(SuppData4_SNVINDEL!$B:$B,SuppData3_MutationalandClonalP!$B53,SuppData4_SNVINDEL!$F:$F,SuppData3_MutationalandClonalP!J$4) -> 0 | K53: =COUNTIFS(SuppData4_SNVINDEL!$B:$B,SuppData3_MutationalandClonalP!$B53,SuppData4_SNVINDEL!$F:$F,SuppData3_MutationalandClonalP!K$4) -> 0 | L53: =COUNTIFS(SuppData4_SNVINDEL!$B:$B,SuppData3_MutationalandClonalP!$B53,SuppData4_SNVINDEL!$F:$F,SuppData3_MutationalandClonalP!L$4) -> 0 | M53: =COUNTIFS(SuppData4_SNVINDEL!$B:$B,SuppData3_MutationalandClonalP!$B53,SuppData4_SNVINDEL!$F:$F,SuppData3_MutationalandClonalP!M$4) -> 0 | N53: =SUM(O53:Q53) -> 0 | O53: =COUNTIFS(SuppData4_SNVINDEL!$B:$B,SuppData3_MutationalandClonalP!$B53,SuppData4_SNVINDEL!$F:$F,SuppData3_MutationalandClonalP!O$4) -> 0 | P53: =COUNTIFS(SuppData4_SNVINDEL!$B:$B,SuppData3_MutationalandClonalP!$B53,SuppData4_SNVINDEL!$F:$F,SuppData3_MutationalandClonalP!P$4) -> 0 | Q53: =COUNTIFS(SuppData4_SNVINDEL!$B:$B,SuppData3_MutationalandClonalP!$B53,SuppData4_SNVINDEL!$F:$F,SuppData3_MutationalandClonalP!Q$4) -> 0 | R53: na | S53: =IFERROR(R53+F53,F53) -> 1 | T53: na | U53: =COUNTIFS(SuppData6_SV!A:A,SuppData3_MutationalandClonalP!B53,SuppData6_SV!U:U,"<>Yes") -> 2 | V53: =COUNTIFS(SuppData6_SV!A:A,SuppData3_MutationalandClonalP!B53,SuppData6_SV!U:U,"Yes") -> 0 | W53: =COUNTIFS(SuppData5_CNA!C:C,SuppData3_MutationalandClonalP!B53,SuppData5_CNA!H:H,"<>none") -> 2
A54: P122 | B54: P122-d424 | C54: Relapse1 | D54: B-ALL | E54: Early | F54: =G54+N54 -> 2 | G54: =SUM(H54:M54) -> 2 | H54: =COUNTIFS(SuppData4_SNVINDEL!$B:$B,SuppData3_MutationalandClonalP!$B54,SuppData4_SNVINDEL!$F:$F,SuppData3_MutationalandClonalP!H$4) -> 2 | I54: =COUNTIFS(SuppData4_SNVINDEL!$B:$B,SuppData3_MutationalandClonalP!$B54,SuppData4_SNVINDEL!$F:$F,SuppData3_MutationalandClonalP!I$4) -> 0 | J54: =COUNTIFS(SuppData4_SNVINDEL!$B:$B,SuppData3_MutationalandClonalP!$B54,SuppData4_SNVINDEL!$F:$F,SuppData3_MutationalandClonalP!J$4) -> 0 | K54: =COUNTIFS(SuppData4_SNVINDEL!$B:$B,SuppData3_MutationalandClonalP!$B54,SuppData4_SNVINDEL!$F:$F,SuppData3_MutationalandClonalP!K$4) -> 0 | L54: =COUNTIFS(SuppData4_SNVINDEL!$B:$B,SuppData3_MutationalandClonalP!$B54,SuppData4_SNVINDEL!$F:$F,SuppData3_MutationalandClonalP!L$4) -> 0 | M54: =COUNTIFS(SuppData4_SNVINDEL!$B:$B,SuppData3_MutationalandClonalP!$B54,SuppData4_SNVINDEL!$F:$F,SuppData3_MutationalandClonalP!M$4) -> 0 | N54: =SUM(O54:Q54) -> 0 | O54: =COUNTIFS(SuppData4_SNVINDEL!$B:$B,SuppData3_MutationalandClonalP!$B54,SuppData4_SNVINDEL!$F:$F,SuppData3_MutationalandClonalP!O$4) -> 0 | P54: =COUNTIFS(SuppData4_SNVINDEL!$B:$B,SuppData3_MutationalandClonalP!$B54,SuppData4_SNVINDEL!$F:$F,SuppData3_MutationalandClonalP!P$4) -> 0 | Q54: =COUNTIFS(SuppData4_SNVINDEL!$B:$B,SuppData3_MutationalandClonalP!$B54,SuppData4_SNVINDEL!$F:$F,SuppData3_MutationalandClonalP!Q$4) -> 0 | R54: na | S54: =IFERROR(R54+F54,F54) -> 2 | T54: na | U54: =COUNTIFS(SuppData6_SV!A:A,SuppData3_MutationalandClonalP!B54,SuppData6_SV!U:U,"<>Yes") -> 4 | V54: =COUNTIFS(SuppData6_SV!A:A,SuppData3_MutationalandClonalP!B54,SuppData6_SV!U:U,"Yes") -> 0 | W54: =COUNTIFS(SuppData5_CNA!C:C,SuppData3_MutationalandClonalP!B54,SuppData5_CNA!H:H,"<>none") -> 5
A55: P123 | B55: P123-d0 | C55: Diagnosis | D55: B-ALL | E55: Very early | F55: =G55+N55 -> 0 | G55: =SUM(H55:M55) -> 0 | H55: =COUNTIFS(SuppData4_SNVINDEL!$B:$B,SuppData3_MutationalandClonalP!$B55,SuppData4_SNVINDEL!$F:$F,SuppData3_MutationalandClonalP!H$4) -> 0 | I55: =COUNTIFS(SuppData4_SNVINDEL!$B:$B,SuppData3_MutationalandClonalP!$B55,SuppData4_SNVINDEL!$F:$F,SuppData3_MutationalandClonalP!I$4) -> 0 | J55: =COUNTIFS(SuppData4_SNVINDEL!$B:$B,SuppData3_MutationalandClonalP!$B55,SuppData4_SNVINDEL!$F:$F,SuppData3_MutationalandClonalP!J$4) -> 0 | K55: =COUNTIFS(SuppData4_SNVINDEL!$B:$B,SuppData3_MutationalandClonalP!$B55,SuppData4_SNVINDEL!$F:$F,SuppData3_MutationalandClonalP!K$4) -> 0 | L55: =COUNTIFS(SuppData4_SNVINDEL!$B:$B,SuppData3_MutationalandClonalP!$B55,SuppData4_SNVINDEL!$F:$F,SuppData3_MutationalandClonalP!L$4) -> 0 | M55: =COUNTIFS(SuppData4_SNVINDEL!$B:$B,SuppData3_MutationalandClonalP!$B55,SuppData4_SNVINDEL!$F:$F,SuppData3_MutationalandClonalP!M$4) -> 0 | N55: =SUM(O55:Q55) -> 0 | O55: =COUNTIFS(SuppData4_SNVINDEL!$B:$B,SuppData3_MutationalandClonalP!$B55,SuppData4_SNVINDEL!$F:$F,SuppData3_MutationalandClonalP!O$4) -> 0 | P55: =COUNTIFS(SuppData4_SNVINDEL!$B:$B,SuppData3_MutationalandClonalP!$B55,SuppData4_SNVINDEL!$F:$F,SuppData3_MutationalandClonalP!P$4) -> 0 | Q55: =COUNTIFS(SuppData4_SNVINDEL!$B:$B,SuppData3_MutationalandClonalP!$B55,SuppData4_SNVINDEL!$F:$F,SuppData3_MutationalandClonalP!Q$4) -> 0 | R55: na | S55: =IFERROR(R55+F55,F55) -> 0 | T55: na | U55: =COUNTIFS(SuppData6_SV!A:A,SuppData3_MutationalandClonalP!B55,SuppData6_SV!U:U,"<>Yes") -> 2 | V55: =COUNTIFS(SuppData6_SV!A:A,SuppData3_MutationalandClonalP!B55,SuppData6_SV!U:U,"Yes") -> 0 | W55: =COUNTIFS(SuppData5_CNA!C:C,SuppData3_MutationalandClonalP!B55,SuppData5_CNA!H:H,"<>none") -> 1
A56: P123 | B56: P123-d178 | C56: Relapse1 | D56: B-ALL | E56: Very early | F56: =G56+N56 -> 0 | G56: =SUM(H56:M56) -> 0 | H56: =COUNTIFS(SuppData4_SNVINDEL!$B:$B,SuppData3_MutationalandClonalP!$B56,SuppData4_SNVINDEL!$F:$F,SuppData3_MutationalandClonalP!H$4) -> 0 | I56: =COUNTIFS(SuppData4_SNVINDEL!$B:$B,SuppData3_MutationalandClonalP!$B56,SuppData4_SNVINDEL!$F:$F,SuppData3_MutationalandClonalP!I$4) -> 0 | J56: =COUNTIFS(SuppData4_SNVINDEL!$B:$B,SuppData3_MutationalandClonalP!$B56,SuppData4_SNVINDEL!$F:$F,SuppData3_MutationalandClonalP!J$4) -> 0 | K56: =COUNTIFS(SuppData4_SNVINDEL!$B:$B,SuppData3_MutationalandClonalP!$B56,SuppData4_SNVINDEL!$F:$F,SuppData3_MutationalandClonalP!K$4) -> 0 | L56: =COUNTIFS(SuppData4_SNVINDEL!$B:$B,SuppData3_MutationalandClonalP!$B56,SuppData4_SNVINDEL!$F:$F,SuppData3_MutationalandClonalP!L$4) -> 0 | M56: =COUNTIFS(SuppData4_SNVINDEL!$B:$B,SuppData3_MutationalandClonalP!$B56,SuppData4_SNVINDEL!$F:$F,SuppData3_MutationalandClonalP!M$4) -> 0 | N56: =SUM(O56:Q56) -> 0 | O56: =COUNTIFS(SuppData4_SNVINDEL!$B:$B,SuppData3_MutationalandClonalP!$B56,SuppData4_SNVINDEL!$F:$F,SuppData3_MutationalandClonalP!O$4) -> 0 | P56: =COUNTIFS(SuppData4_SNVINDEL!$B:$B,SuppData3_MutationalandClonalP!$B56,SuppData4_SNVINDEL!$F:$F,SuppData3_MutationalandClonalP!P$4) -> 0 | Q56: =COUNTIFS(SuppData4_SNVINDEL!$B:$B,SuppData3_MutationalandClonalP!$B56,SuppData4_SNVINDEL!$F:$F,SuppData3_MutationalandClonalP!Q$4) -> 0 | R56: na | S56: =IFERROR(R56+F56,F56) -> 0 | T56: na | U56: =COUNTIFS(SuppData6_SV!A:A,SuppData3_MutationalandClonalP!B56,SuppData6_SV!U:U,"<>Yes") -> 2 | V56: =COUNTIFS(SuppData6_SV!A:A,SuppData3_MutationalandClonalP!B56,SuppData6_SV!U:U,"Yes") -> 0 | W56: =COUNTIFS(SuppData5_CNA!C:C,SuppData3_MutationalandClonalP!B56,SuppData5_CNA!H:H,"<>none") -> 1
A57: P124 | B57: P124-d0 | C57: Diagnosis | D57: B-ALL | E57: Early | F57: =G57+N57 -> 0 | G57: =SUM(H57:M57) -> 0 | H57: =COUNTIFS(SuppData4_SNVINDEL!$B:$B,SuppData3_MutationalandClonalP!$B57,SuppData4_SNVINDEL!$F:$F,SuppData3_MutationalandClonalP!H$4) -> 0 | I57: =COUNTIFS(SuppData4_SNVINDEL!$B:$B,SuppData3_MutationalandClonalP!$B57,SuppData4_SNVINDEL!$F:$F,SuppData3_MutationalandClonalP!I$4) -> 0 | J57: =COUNTIFS(SuppData4_SNVINDEL!$B:$B,SuppData3_MutationalandClonalP!$B57,SuppData4_SNVINDEL!$F:$F,SuppData3_MutationalandClonalP!J$4) -> 0 | K57: =COUNTIFS(SuppData4_SNVINDEL!$B:$B,SuppData3_MutationalandClonalP!$B57,SuppData4_SNVINDEL!$F:$F,SuppData3_MutationalandClonalP!K$4) -> 0 | L57: =COUNTIFS(SuppData4_SNVINDEL!$B:$B,SuppData3_MutationalandClonalP!$B57,SuppData4_SNVINDEL!$F:$F,SuppData3_MutationalandClonalP!L$4) -> 0 | M57: =COUNTIFS(SuppData4_SNVINDEL!$B:$B,SuppData3_MutationalandClonalP!$B57,SuppData4_SNVINDEL!$F:$F,SuppData3_MutationalandClonalP!M$4) -> 0 | N57: =SUM(O57:Q57) -> 0 | O57: =COUNTIFS(SuppData4_SNVINDEL!$B:$B,SuppData3_MutationalandClonalP!$B57,SuppData4_SNVINDEL!$F:$F,SuppData3_MutationalandClonalP!O$4) -> 0 | P57: =COUNTIFS(SuppData4_SNVINDEL!$B:$B,SuppData3_MutationalandClonalP!$B57,SuppData4_SNVINDEL!$F:$F,SuppData3_MutationalandClonalP!P$4) -> 0 | Q57: =COUNTIFS(SuppData4_SNVINDEL!$B:$B,SuppData3_MutationalandClonalP!$B57,SuppData4_SNVINDEL!$F:$F,SuppData3_MutationalandClonalP!Q$4) -> 0 | R57: na | S57: =IFERROR(R57+F57,F57) -> 0 | T57: na | U57: =COUNTIFS(SuppData6_SV!A:A,SuppData3_MutationalandClonalP!B57,SuppData6_SV!U:U,"<>Yes") -> 0 | V57: =COUNTIFS(SuppData6_SV!A:A,SuppData3_MutationalandClonalP!B57,SuppData6_SV!U:U,"Yes") -> 0 | W57: =COUNTIFS(SuppData5_CNA!C:C,SuppData3_MutationalandClonalP!B57,SuppData5_CNA!H:H,"<>none") -> 0
A58: P124 | B58: P124-d999 | C58: Relapse1 | D58: B-ALL | E58: Early | F58: =G58+N58 -> 1 | G58: =SUM(H58:M58) -> 1 | H58: =COUNTIFS(SuppData4_SNVINDEL!$B:$B,SuppData3_MutationalandClonalP!$B58,SuppData4_SNVINDEL!$F:$F,SuppData3_MutationalandClonalP!H$4) -> 1 | I58: =COUNTIFS(SuppData4_SNVINDEL!$B:$B,SuppData3_MutationalandClonalP!$B58,SuppData4_SNVINDEL!$F:$F,SuppData3_MutationalandClonalP!I$4) -> 0 | J58: =COUNTIFS(SuppData4_SNVINDEL!$B:$B,SuppData3_MutationalandClonalP!$B58,SuppData4_SNVINDEL!$F:$F,SuppData3_MutationalandClonalP!J$4) -> 0 | K58: =COUNTIFS(SuppData4_SNVINDEL!$B:$B,SuppData3_MutationalandClonalP!$B58,SuppData4_SNVINDEL!$F:$F,SuppData3_MutationalandClonalP!K$4) -> 0 | L58: =COUNTIFS(SuppData4_SNVINDEL!$B:$B,SuppData3_MutationalandClonalP!$B58,SuppData4_SNVINDEL!$F:$F,SuppData3_MutationalandClonalP!L$4) -> 0 | M58: =COUNTIFS(SuppData4_SNVINDEL!$B:$B,SuppData3_MutationalandClonalP!$B58,SuppData4_SNVINDEL!$F:$F,SuppData3_MutationalandClonalP!M$4) -> 0 | N58: =SUM(O58:Q58) -> 0 | O58: =COUNTIFS(SuppData4_SNVINDEL!$B:$B,SuppData3_MutationalandClonalP!$B58,SuppData4_SNVINDEL!$F:$F,SuppData3_MutationalandClonalP!O$4) -> 0 | P58: =COUNTIFS(SuppData4_SNVINDEL!$B:$B,SuppData3_MutationalandClonalP!$B58,SuppData4_SNVINDEL!$F:$F,SuppData3_MutationalandClonalP!P$4) -> 0 | Q58: =COUNTIFS(SuppData4_SNVINDEL!$B:$B,SuppData3_MutationalandClonalP!$B58,SuppData4_SNVINDEL!$F:$F,SuppData3_MutationalandClonalP!Q$4) -> 0 | R58: na | S58: =IFERROR(R58+F58,F58) -> 1 | T58: na | U58: =COUNTIFS(SuppData6_SV!A:A,SuppData3_MutationalandClonalP!B58,SuppData6_SV!U:U,"<>Yes") -> 3 | V58: =COUNTIFS(SuppData6_SV!A:A,SuppData3_MutationalandClonalP!B58,SuppData6_SV!U:U,"Yes") -> 0 | W58: =COUNTIFS(SuppData5_CNA!C:C,SuppData3_MutationalandClonalP!B58,SuppData5_CNA!H:H,"<>none") -> 0
A59: P125 | B59: P125-d0 | C59: Diagnosis | D59: B-ALL | E59: Early | F59: =G59+N59 -> 1 | G59: =SUM(H59:M59) -> 1 | H59: =COUNTIFS(SuppData4_SNVINDEL!$B:$B,SuppData3_MutationalandClonalP!$B59,SuppData4_SNVINDEL!$F:$F,SuppData3_MutationalandClonalP!H$4) -> 1 | I59: =COUNTIFS(SuppData4_SNVINDEL!$B:$B,SuppData3_MutationalandClonalP!$B59,SuppData4_SNVINDEL!$F:$F,SuppData3_MutationalandClonalP!I$4) -> 0 | J59: =COUNTIFS(SuppData4_SNVINDEL!$B:$B,SuppData3_MutationalandClonalP!$B59,SuppData4_SNVINDEL!$F:$F,SuppData3_MutationalandClonalP!J$4) -> 0 | K59: =COUNTIFS(SuppData4_SNVINDEL!$B:$B,SuppData3_MutationalandClonalP!$B59,SuppData4_SNVINDEL!$F:$F,SuppData3_MutationalandClonalP!K$4) -> 0 | L59: =COUNTIFS(SuppData4_SNVINDEL!$B:$B,SuppData3_MutationalandClonalP!$B59,SuppData4_SNVINDEL!$F:$F,SuppData3_MutationalandClonalP!L$4) -> 0 | M59: =COUNTIFS(SuppData4_SNVINDEL!$B:$B,SuppData3_MutationalandClonalP!$B59,SuppData4_SNVINDEL!$F:$F,SuppData3_MutationalandClonalP!M$4) -> 0 | N59: =SUM(O59:Q59) -> 0 | O59: =COUNTIFS(SuppData4_SNVINDEL!$B:$B,SuppData3_MutationalandClonalP!$B59,SuppData4_SNVINDEL!$F:$F,SuppData3_MutationalandClonalP!O$4) -> 0 | P59: =COUNTIFS(SuppData4_SNVINDEL!$B:$B,SuppData3_MutationalandClonalP!$B59,SuppData4_SNVINDEL!$F:$F,SuppData3_MutationalandClonalP!P$4) -> 0 | Q59: =COUNTIFS(SuppData4_SNVINDEL!$B:$B,SuppData3_MutationalandClonalP!$B59,SuppData4_SNVINDEL!$F:$F,SuppData3_MutationalandClonalP!Q$4) -> 0 | R59: na | S59: =IFERROR(R59+F59,F59) -> 1 | T59: na | U59: =COUNTIFS(SuppData6_SV!A:A,SuppData3_MutationalandClonalP!B59,SuppData6_SV!U:U,"<>Yes") -> 2 | V59: =COUNTIFS(SuppData6_SV!A:A,SuppData3_MutationalandClonalP!B59,SuppData6_SV!U:U,"Yes") -> 0 | W59: =COUNTIFS(SuppData5_CNA!C:C,SuppData3_MutationalandClonalP!B59,SuppData5_CNA!H:H,"<>none") -> 0
A60: P125 | B60: P125-d729 | C60: Relapse1 | D60: B-ALL | E60: Early | F60: =G60+N60 -> 2 | G60: =SUM(H60:M60) -> 2 | H60: =COUNTIFS(SuppData4_SNVINDEL!$B:$B,SuppData3_MutationalandClonalP!$B60,SuppData4_SNVINDEL!$F:$F,SuppData3_MutationalandClonalP!H$4) -> 2 | I60: =COUNTIFS(SuppData4_SNVINDEL!$B:$B,SuppData3_MutationalandClonalP!$B60,SuppData4_SNVINDEL!$F:$F,SuppData3_MutationalandClonalP!I$4) -> 0 | J60: =COUNTIFS(SuppData4_SNVINDEL!$B:$B,SuppData3_MutationalandClonalP!$B60,SuppData4_SNVINDEL!$F:$F,SuppData3_MutationalandClonalP!J$4) -> 0 | K60: =COUNTIFS(SuppData4_SNVINDEL!$B:$B,SuppData3_MutationalandClonalP!$B60,SuppData4_SNVINDEL!$F:$F,SuppData3_MutationalandClonalP!K$4) -> 0 | L60: =COUNTIFS(SuppData4_SNVINDEL!$B:$B,SuppData3_MutationalandClonalP!$B60,SuppData4_SNVINDEL!$F:$F,SuppData3_MutationalandClonalP!L$4) -> 0 | M60: =COUNTIFS(SuppData4_SNVINDEL!$B:$B,SuppData3_MutationalandClonalP!$B60,SuppData4_SNVINDEL!$F:$F,SuppData3_MutationalandClonalP!M$4) -> 0 | N60: =SUM(O60:Q60) -> 0 | O60: =COUNTIFS(SuppData4_SNVINDEL!$B:$B,SuppData3_MutationalandClonalP!$B60,SuppData4_SNVINDEL!$F:$F,SuppData3_MutationalandClonalP!O$4) -> 0 | P60: =COUNTIFS(SuppData4_SNVINDEL!$B:$B,SuppData3_MutationalandClonalP!$B60,SuppData4_SNVINDEL!$F:$F,SuppData3_MutationalandClonalP!P$4) -> 0 | Q60: =COUNTIFS(SuppData4_SNVINDEL!$B:$B,SuppData3_MutationalandClonalP!$B60,SuppData4_SNVINDEL!$F:$F,SuppData3_MutationalandClonalP!Q$4) -> 0 | R60: na | S60: =IFERROR(R60+F60,F60) -> 2 | T60: na | U60: =COUNTIFS(SuppData6_SV!A:A,SuppData3_MutationalandClonalP!B60,SuppData6_SV!U:U,"<>Yes") -> 2 | V60: =COUNTIFS(SuppData6_SV!A:A,SuppData3_MutationalandClonalP!B60,SuppData6_SV!U:U,"Yes") -> 0 | W60: =COUNTIFS(SuppData5_CNA!C:C,SuppData3_MutationalandClonalP!B60,SuppData5_CNA!H:H,"<>none") -> 2
A61: P126 | B61: P126-d0 | C61: Diagnosis | D61: B-ALL | E61: Very early | F61: =G61+N61 -> 0 | G61: =SUM(H61:M61) -> 0 | H61: =COUNTIFS(SuppData4_SNVINDEL!$B:$B,SuppData3_MutationalandClonalP!$B61,SuppData4_SNVINDEL!$F:$F,SuppData3_MutationalandClonalP!H$4) -> 0 | I61: =COUNTIFS(SuppData4_SNVINDEL!$B:$B,SuppData3_MutationalandClonalP!$B61,SuppData4_SNVINDEL!$F:$F,SuppData3_MutationalandClonalP!I$4) -> 0 | J61: =COUNTIFS(SuppData4_SNVINDEL!$B:$B,SuppData3_MutationalandClonalP!$B61,SuppData4_SNVINDEL!$F:$F,SuppData3_MutationalandClonalP!J$4) -> 0 | K61: =COUNTIFS(SuppData4_SNVINDEL!$B:$B,SuppData3_MutationalandClonalP!$B61,SuppData4_SNVINDEL!$F:$F,SuppData3_MutationalandClonalP!K$4) -> 0 | L61: =COUNTIFS(SuppData4_SNVINDEL!$B:$B,SuppData3_MutationalandClonalP!$B61,SuppData4_SNVINDEL!$F:$F,SuppData3_MutationalandClonalP!L$4) -> 0 | M61: =COUNTIFS(SuppData4_SNVINDEL!$B:$B,SuppData3_MutationalandClonalP!$B61,SuppData4_SNVINDEL!$F:$F,SuppData3_MutationalandClonalP!M$4) -> 0 | N61: =SUM(O61:Q61) -> 0 | O61: =COUNTIFS(SuppData4_SNVINDEL!$B:$B,SuppData3_MutationalandClonalP!$B61,SuppData4_SNVINDEL!$F:$F,SuppData3_MutationalandClonalP!O$4) -> 0 | P61: =COUNTIFS(SuppData4_SNVINDEL!$B:$B,SuppData3_MutationalandClonalP!$B61,SuppData4_SNVINDEL!$F:$F,SuppData3_MutationalandClonalP!P$4) -> 0 | Q61: =COUNTIFS(SuppData4_SNVINDEL!$B:$B,SuppData3_MutationalandClonalP!$B61,SuppData4_SNVINDEL!$F:$F,SuppData3_MutationalandClonalP!Q$4) -> 0 | R61: na | S61: =IFERROR(R61+F61,F61) -> 0 | T61: na | U61: =COUNTIFS(SuppData6_SV!A:A,SuppData3_MutationalandClonalP!B61,SuppData6_SV!U:U,"<>Yes") -> 2 | V61: =COUNTIFS(SuppData6_SV!A:A,SuppData3_MutationalandClonalP!B61,SuppData6_SV!U:U,"Yes") -> 0 | W61: =COUNTIFS(SuppData5_CNA!C:C,SuppData3_MutationalandClonalP!B61,SuppData5_CNA!H:H,"<>none") -> 0
A62: P126 | B62: P126-d139 | C62: Relapse1 | D62: B-ALL | E62: Very early | F62: =G62+N62 -> 0 | G62: =SUM(H62:M62) -> 0 | H62: =COUNTIFS(SuppData4_SNVINDEL!$B:$B,SuppData3_MutationalandClonalP!$B62,SuppData4_SNVINDEL!$F:$F,SuppData3_MutationalandClonalP!H$4) -> 0 | I62: =COUNTIFS(SuppData4_SNVINDEL!$B:$B,SuppData3_MutationalandClonalP!$B62,SuppData4_SNVINDEL!$F:$F,SuppData3_MutationalandClonalP!I$4) -> 0 | J62: =COUNTIFS(SuppData4_SNVINDEL!$B:$B,SuppData3_MutationalandClonalP!$B62,SuppData4_SNVINDEL!$F:$F,SuppData3_MutationalandClonalP!J$4) -> 0 | K62: =COUNTIFS(SuppData4_SNVINDEL!$B:$B,SuppData3_MutationalandClonalP!$B62,SuppData4_SNVINDEL!$F:$F,SuppData3_MutationalandClonalP!K$4) -> 0 | L62: =COUNTIFS(SuppData4_SNVINDEL!$B:$B,SuppData3_MutationalandClonalP!$B62,SuppData4_SNVINDEL!$F:$F,SuppData3_MutationalandClonalP!L$4) -> 0 | M62: =COUNTIFS(SuppData4_SNVINDEL!$B:$B,SuppData3_MutationalandClonalP!$B62,SuppData4_SNVINDEL!$F:$F,SuppData3_MutationalandClonalP!M$4) -> 0 | N62: =SUM(O62:Q62) -> 0 | O62: =COUNTIFS(SuppData4_SNVINDEL!$B:$B,SuppData3_MutationalandClonalP!$B62,SuppData4_SNVINDEL!$F:$F,SuppData3_MutationalandClonalP!O$4) -> 0 | P62: =COUNTIFS(SuppData4_SNVINDEL!$B:$B,SuppData3_MutationalandClonalP!$B62,SuppData4_SNVINDEL!$F:$F,SuppData3_MutationalandClonalP!P$4) -> 0 | Q62: =COUNTIFS(SuppData4_SNVINDEL!$B:$B,SuppData3_MutationalandClonalP!$B62,SuppData4_SNVINDEL!$F:$F,SuppData3_MutationalandClonalP!Q$4) -> 0 | R62: na | S62: =IFERROR(R62+F62,F62) -> 0 | T62: na | U62: =COUNTIFS(SuppData6_SV!A:A,SuppData3_MutationalandClonalP!B62,SuppData6_SV!U:U,"<>Yes") -> 2 | V62: =COUNTIFS(SuppData6_SV!A:A,SuppData3_MutationalandClonalP!B62,SuppData6_SV!U:U,"Yes") -> 0 | W62: =COUNTIFS(SuppData5_CNA!C:C,SuppData3_MutationalandClonalP!B62,SuppData5_CNA!H:H,"<>none") -> 0
A63: P127 | B63: P127-d0 | C63: Diagnosis | D63: B-ALL | E63: Very early | F63: =G63+N63 -> 0 | G63: =SUM(H63:M63) -> 0 | H63: =COUNTIFS(SuppData4_SNVINDEL!$B:$B,SuppData3_MutationalandClonalP!$B63,SuppData4_SNVINDEL!$F:$F,SuppData3_MutationalandClonalP!H$4) -> 0 | I63: =COUNTIFS(SuppData4_SNVINDEL!$B:$B,SuppData3_MutationalandClonalP!$B63,SuppData4_SNVINDEL!$F:$F,SuppData3_MutationalandClonalP!I$4) -> 0 | J63: =COUNTIFS(SuppData4_SNVINDEL!$B:$B,SuppData3_MutationalandClonalP!$B63,SuppData4_SNVINDEL!$F:$F,SuppData3_MutationalandClonalP!J$4) -> 0 | K63: =COUNTIFS(SuppData4_SNVINDEL!$B:$B,SuppData3_MutationalandClonalP!$B63,SuppData4_SNVINDEL!$F:$F,SuppData3_MutationalandClonalP!K$4) -> 0 | L63: =COUNTIFS(SuppData4_SNVINDEL!$B:$B,SuppData3_MutationalandClonalP!$B63,SuppData4_SNVINDEL!$F:$F,SuppData3_MutationalandClonalP!L$4) -> 0 | M63: =COUNTIFS(SuppData4_SNVINDEL!$B:$B,SuppData3_MutationalandClonalP!$B63,SuppData4_SNVINDEL!$F:$F,SuppData3_MutationalandClonalP!M$4) -> 0 | N63: =SUM(O63:Q63) -> 0 | O63: =COUNTIFS(SuppData4_SNVINDEL!$B:$B,SuppData3_MutationalandClonalP!$B63,SuppData4_SNVINDEL!$F:$F,SuppData3_MutationalandClonalP!O$4) -> 0 | P63: =COUNTIFS(SuppData4_SNVINDEL!$B:$B,SuppData3_MutationalandClonalP!$B63,SuppData4_SNVINDEL!$F:$F,SuppData3_MutationalandClonalP!P$4) -> 0 | Q63: =COUNTIFS(SuppData4_SNVINDEL!$B:$B,SuppData3_MutationalandClonalP!$B63,SuppData4_SNVINDEL!$F:$F,SuppData3_MutationalandClonalP!Q$4) -> 0 | R63: na | S63: =IFERROR(R63+F63,F63) -> 0 | T63: na | U63: =COUNTIFS(SuppData6_SV!A:A,SuppData3_MutationalandClonalP!B63,SuppData6_SV!U:U,"<>Yes") -> 0 | V63: =COUNTIFS(SuppData6_SV!A:A,SuppData3_MutationalandClonalP!B63,SuppData6_SV!U:U,"Yes") -> 0 | W63: =COUNTIFS(SuppData5_CNA!C:C,SuppData3_MutationalandClonalP!B63,SuppData5_CNA!H:H,"<>none") -> 0
... A68: P130 | B68: P130-d346 | C68: Relapse1 | D68: B-ALL | E68: Early | F68: =G68+N68 -> 1 | G68: =SUM(H68:M68) -> 1 | H68: =COUNTIFS(SuppData4_SNVINDEL!$B:$B,SuppData3_MutationalandClonalP!$B68,SuppData4_SNVINDEL!$F:$F,SuppData3_MutationalandClonalP!H$4) -> 1 | I68: =COUNTIFS(SuppData4_SNVINDEL!$B:$B,SuppData3_MutationalandClonalP!$B68,SuppData4_SNVINDEL!$F:$F,SuppData3_MutationalandClonalP!I$4) -> 0 | J68: =COUNTIFS(SuppData4_SNVINDEL!$B:$B,SuppData3_MutationalandClonalP!$B68,SuppData4_SNVINDEL!$F:$F,SuppData3_MutationalandClonalP!J$4) -> 0 | K68: =COUNTIFS(SuppData4_SNVINDEL!$B:$B,SuppData3_MutationalandClonalP!$B68,SuppData4_SNVINDEL!$F:$F,SuppData3_MutationalandClonalP!K$4) -> 0 | L68: =COUNTIFS(SuppData4_SNVINDEL!$B:$B,SuppData3_MutationalandClonalP!$B68,SuppData4_SNVINDEL!$F:$F,SuppData3_MutationalandClonalP!L$4) -> 0 | M68: =COUNTIFS(SuppData4_SNVINDEL!$B:$B,SuppData3_MutationalandClonalP!$B68,SuppData4_SNVINDEL!$F:$F,SuppData3_MutationalandClonalP!M$4) -> 0 | N68: =SUM(O68:Q68) -> 0 | O68: =COUNTIFS(SuppData4_SNVINDEL!$B:$B,SuppData3_MutationalandClonalP!$B68,SuppData4_SNVINDEL!$F:$F,SuppData3_MutationalandClonalP!O$4) -> 0 | P68: =COUNTIFS(SuppData4_SNVINDEL!$B:$B,SuppData3_MutationalandClonalP!$B68,SuppData4_SNVINDEL!$F:$F,SuppData3_MutationalandClonalP!P$4) -> 0 | Q68: =COUNTIFS(SuppData4_SNVINDEL!$B:$B,SuppData3_MutationalandClonalP!$B68,SuppData4_SNVINDEL!$F:$F,SuppData3_MutationalandClonalP!Q$4) -> 0 | R68: na | S68: =IFERROR(R68+F68,F68) -> 1 | T68: na | U68: =COUNTIFS(SuppData6_SV!A:A,SuppData3_MutationalandClonalP!B68,SuppData6_SV!U:U,"<>Yes") -> 2 | V68: =COUNTIFS(SuppData6_SV!A:A,SuppData3_MutationalandClonalP!B68,SuppData6_SV!U:U,"Yes") -> 0 | W68: =COUNTIFS(SuppData5_CNA!C:C,SuppData3_MutationalandClonalP!B68,SuppData5_CNA!H:H,"<>none") -> 1
A69: P133 | B69: P133-d0 | C69: Diagnosis | D69: B-ALL | E69: Early | F69: =G69+N69 -> 10 | G69: =SUM(H69:M69) -> 8 | H69: =COUNTIFS(SuppData4_SNVINDEL!$B:$B,SuppData3_MutationalandClonalP!$B69,SuppData4_SNVINDEL!$F:$F,SuppData3_MutationalandClonalP!H$4) -> 7 | I69: =COUNTIFS(SuppData4_SNVINDEL!$B:$B,SuppData3_MutationalandClonalP!$B69,SuppData4_SNVINDEL!$F:$F,SuppData3_MutationalandClonalP!I$4) -> 0 | J69: =COUNTIFS(SuppData4_SNVINDEL!$B:$B,SuppData3_MutationalandClonalP!$B69,SuppData4_SNVINDEL!$F:$F,SuppData3_MutationalandClonalP!J$4) -> 1 | K69: =COUNTIFS(SuppData4_SNVINDEL!$B:$B,SuppData3_MutationalandClonalP!$B69,SuppData4_SNVINDEL!$F:$F,SuppData3_MutationalandClonalP!K$4) -> 0 | L69: =COUNTIFS(SuppData4_SNVINDEL!$B:$B,SuppData3_MutationalandClonalP!$B69,SuppData4_SNVINDEL!$F:$F,SuppData3_MutationalandClonalP!L$4) -> 0 | M69: =COUNTIFS(SuppData4_SNVINDEL!$B:$B,SuppData3_MutationalandClonalP!$B69,SuppData4_SNVINDEL!$F:$F,SuppData3_MutationalandClonalP!M$4) -> 0 | N69: =SUM(O69:Q69) -> 2 | O69: =COUNTIFS(SuppData4_SNVINDEL!$B:$B,SuppData3_MutationalandClonalP!$B69,SuppData4_SNVINDEL!$F:$F,SuppData3_MutationalandClonalP!O$4) -> 0 | P69: =COUNTIFS(SuppData4_SNVINDEL!$B:$B,SuppData3_MutationalandClonalP!$B69,SuppData4_SNVINDEL!$F:$F,SuppData3_MutationalandClonalP!P$4) -> 0 | Q69: =COUNTIFS(SuppData4_SNVINDEL!$B:$B,SuppData3_MutationalandClonalP!$B69,SuppData4_SNVINDEL!$F:$F,SuppData3_MutationalandClonalP!Q$4) -> 2 | R69: 514 | S69: =IFERROR(R69+F69,F69) -> 524 | T69: na | U69: =COUNTIFS(SuppData6_SV!A:A,SuppData3_MutationalandClonalP!B69,SuppData6_SV!U:U,"<>Yes") -> 3 | V69: =COUNTIFS(SuppData6_SV!A:A,SuppData3_MutationalandClonalP!B69,SuppData6_SV!U:U,"Yes") -> 0 | W69: =COUNTIFS(SuppData5_CNA!C:C,SuppData3_MutationalandClonalP!B69,SuppData5_CNA!H:H,"<>none") -> 3 | X69: Mulitple clones seed relapse
A70: P133 | B70: P133-d472 | C70: Relapse1 | D70: B-ALL | E70: Early | F70: =G70+N70 -> 28 | G70: =SUM(H70:M70) -> 24 | H70: =COUNTIFS(SuppData4_SNVINDEL!$B:$B,SuppData3_MutationalandClonalP!$B70,SuppData4_SNVINDEL!$F:$F,SuppData3_MutationalandClonalP!H$4) -> 19 | I70: =COUNTIFS(SuppData4_SNVINDEL!$B:$B,SuppData3_MutationalandClonalP!$B70,SuppData4_SNVINDEL!$F:$F,SuppData3_MutationalandClonalP!I$4) -> 1 | J70: =COUNTIFS(SuppData4_SNVINDEL!$B:$B,SuppData3_MutationalandClonalP!$B70,SuppData4_SNVINDEL!$F:$F,SuppData3_MutationalandClonalP!J$4) -> 4 | K70: =COUNTIFS(SuppData4_SNVINDEL!$B:$B,SuppData3_MutationalandClonalP!$B70,SuppData4_SNVINDEL!$F:$F,SuppData3_MutationalandClonalP!K$4) -> 0 | L70: =COUNTIFS(SuppData4_SNVINDEL!$B:$B,SuppData3_MutationalandClonalP!$B70,SuppData4_SNVINDEL!$F:$F,SuppData3_MutationalandClonalP!L$4) -> 0 | M70: =COUNTIFS(SuppData4_SNVINDEL!$B:$B,SuppData3_MutationalandClonalP!$B70,SuppData4_SNVINDEL!$F:$F,SuppData3_MutationalandClonalP!M$4) -> 0 | N70: =SUM(O70:Q70) -> 4 | O70: =COUNTIFS(SuppData4_SNVINDEL!$B:$B,SuppData3_MutationalandClonalP!$B70,SuppData4_SNVINDEL!$F:$F,SuppData3_MutationalandClonalP!O$4) -> 0 | P70: =COUNTIFS(SuppData4_SNVINDEL!$B:$B,SuppData3_MutationalandClonalP!$B70,SuppData4_SNVINDEL!$F:$F,SuppData3_MutationalandClonalP!P$4) -> 0 | Q70: =COUNTIFS(SuppData4_SNVINDEL!$B:$B,SuppData3_MutationalandClonalP!$B70,SuppData4_SNVINDEL!$F:$F,SuppData3_MutationalandClonalP!Q$4) -> 4 | R70: 2102 | S70: =IFERROR(R70+F70,F70) -> 2130 | T70: 1919 | U70: =COUNTIFS(SuppData6_SV!A:A,SuppData3_MutationalandClonalP!B70,SuppData6_SV!U:U,"<>Yes") -> 4 | V70: =COUNTIFS(SuppData6_SV!A:A,SuppData3_MutationalandClonalP!B70,SuppData6_SV!U:U,"Yes") -> 0 | W70: =COUNTIFS(SuppData5_CNA!C:C,SuppData3_MutationalandClonalP!B70,SuppData5_CNA!H:H,"<>none") -> 2
A71: P135 | B71: P135-D1 | C71: Diagnosis | D71: B-ALL | E71: Very early/refractory | F71: =G71+N71 -> 6 | G71: =SUM(H71:M71) -> 3 | H71: =COUNTIFS(SuppData4_SNVINDEL!$B:$B,SuppData3_MutationalandClonalP!$B71,SuppData4_SNVINDEL!$F:$F,SuppData3_MutationalandClonalP!H$4) -> 1 | I71: =COUNTIFS(SuppData4_SNVINDEL!$B:$B,SuppData3_MutationalandClonalP!$B71,SuppData4_SNVINDEL!$F:$F,SuppData3_MutationalandClonalP!I$4) -> 0 | J71: =COUNTIFS(SuppData4_SNVINDEL!$B:$B,SuppData3_MutationalandClonalP!$B71,SuppData4_SNVINDEL!$F:$F,SuppData3_MutationalandClonalP!J$4) -> 0 | K71: =COUNTIFS(SuppData4_SNVINDEL!$B:$B,SuppData3_MutationalandClonalP!$B71,SuppData4_SNVINDEL!$F:$F,SuppData3_MutationalandClonalP!K$4) -> 2 | L71: =COUNTIFS(SuppData4_SNVINDEL!$B:$B,SuppData3_MutationalandClonalP!$B71,SuppData4_SNVINDEL!$F:$F,SuppData3_MutationalandClonalP!L$4) -> 0 | M71: =COUNTIFS(SuppData4_SNVINDEL!$B:$B,SuppData3_MutationalandClonalP!$B71,SuppData4_SNVINDEL!$F:$F,SuppData3_MutationalandClonalP!M$4) -> 0 | N71: =SUM(O71:Q71) -> 3 | O71: =COUNTIFS(SuppData4_SNVINDEL!$B:$B,SuppData3_MutationalandClonalP!$B71,SuppData4_SNVINDEL!$F:$F,SuppData3_MutationalandClonalP!O$4) -> 1 | P71: =COUNTIFS(SuppData4_SNVINDEL!$B:$B,SuppData3_MutationalandClonalP!$B71,SuppData4_SNVINDEL!$F:$F,SuppData3_MutationalandClonalP!P$4) -> 2 | Q71: =COUNTIFS(SuppData4_SNVINDEL!$B:$B,SuppData3_MutationalandClonalP!$B71,SuppData4_SNVINDEL!$F:$F,SuppData3_MutationalandClonalP!Q$4) -> 0 | R71: 236 | S71: =IFERROR(R71+F71,F71) -> 242 | T71: na | U71: =COUNTIFS(SuppData6_SV!A:A,SuppData3_MutationalandClonalP!B71,SuppData6_SV!U:U,"<>Yes") -> 6 | V71: =COUNTIFS(SuppData6_SV!A:A,SuppData3_MutationalandClonalP!B71,SuppData6_SV!U:U,"Yes") -> 0 | W71: =COUNTIFS(SuppData5_CNA!C:C,SuppData3_MutationalandClonalP!B71,SuppData5_CNA!H:H,"<>none") -> 4 | X71: Mulitple clones seed relapse
A72: P135 | B72: P135-D6 | C72: Relapse1 | D72: B-ALL | E72: Very early/refractory | F72: =G72+N72 -> 2 | G72: =SUM(H72:M72) -> 0 | H72: =COUNTIFS(SuppData4_SNVINDEL!$B:$B,SuppData3_MutationalandClonalP!$B72,SuppData4_SNVINDEL!$F:$F,SuppData3_MutationalandClonalP!H$4) -> 0 | I72: =COUNTIFS(SuppData4_SNVINDEL!$B:$B,SuppData3_MutationalandClonalP!$B72,SuppData4_SNVINDEL!$F:$F,SuppData3_MutationalandClonalP!I$4) -> 0 | J72: =COUNTIFS(SuppData4_SNVINDEL!$B:$B,SuppData3_MutationalandClonalP!$B72,SuppData4_SNVINDEL!$F:$F,SuppData3_MutationalandClonalP!J$4) -> 0 | K72: =COUNTIFS(SuppData4_SNVINDEL!$B:$B,SuppData3_MutationalandClonalP!$B72,SuppData4_SNVINDEL!$F:$F,SuppData3_MutationalandClonalP!K$4) -> 0 | L72: =COUNTIFS(SuppData4_SNVINDEL!$B:$B,SuppData3_MutationalandClonalP!$B72,SuppData4_SNVINDEL!$F:$F,SuppData3_MutationalandClonalP!L$4) -> 0 | M72: =COUNTIFS(SuppData4_SNVINDEL!$B:$B,SuppData3_MutationalandClonalP!$B72,SuppData4_SNVINDEL!$F:$F,SuppData3_MutationalandClonalP!M$4) -> 0 | N72: =SUM(O72:Q72) -> 2 | O72: =COUNTIFS(SuppData4_SNVINDEL!$B:$B,SuppData3_MutationalandClonalP!$B72,SuppData4_SNVINDEL!$F:$F,SuppData3_MutationalandClonalP!O$4) -> 2 | P72: =COUNTIFS(SuppData4_SNVINDEL!$B:$B,SuppData3_MutationalandClonalP!$B72,SuppData4_SNVINDEL!$F:$F,SuppData3_MutationalandClonalP!P$4) -> 0 | Q72: =COUNTIFS(SuppData4_SNVINDEL!$B:$B,SuppData3_MutationalandClonalP!$B72,SuppData4_SNVINDEL!$F:$F,SuppData3_MutationalandClonalP!Q$4) -> 0 | R72: 213 | S72: =IFERROR(R72+F72,F72) -> 215 | T72: 154 | U72: =COUNTIFS(SuppData6_SV!A:A,SuppData3_MutationalandClonalP!B72,SuppData6_SV!U:U,"<>Yes") -> 5 | V72: =COUNTIFS(SuppData6_SV!A:A,SuppData3_MutationalandClonalP!B72,SuppData6_SV!U:U,"Yes") -> 0 | W72: =COUNTIFS(SuppData5_CNA!C:C,SuppData3_MutationalandClonalP!B72,SuppData5_CNA!H:H,"<>none") -> 3
A73: P136 | B73: P136-d0 | C73: Diagnosis | D73: B-ALL | E73: Very early/refractory | F73: =G73+N73 -> 1 | G73: =SUM(H73:M73) -> 0 | H73: =COUNTIFS(SuppData4_SNVINDEL!$B:$B,SuppData3_MutationalandClonalP!$B73,SuppData4_SNVINDEL!$F:$F,SuppData3_MutationalandClonalP!H$4) -> 0 | I73: =COUNTIFS(SuppData4_SNVINDEL!$B:$B,SuppData3_MutationalandClonalP!$B73,SuppData4_SNVINDEL!$F:$F,SuppData3_MutationalandClonalP!I$4) -> 0 | J73: =COUNTIFS(SuppData4_SNVINDEL!$B:$B,SuppData3_MutationalandClonalP!$B73,SuppData4_SNVINDEL!$F:$F,SuppData3_MutationalandClonalP!J$4) -> 0 | K73: =COUNTIFS(SuppData4_SNVINDEL!$B:$B,SuppData3_MutationalandClonalP!$B73,SuppData4_SNVINDEL!$F:$F,SuppData3_MutationalandClonalP!K$4) -> 0 | L73: =COUNTIFS(SuppData4_SNVINDEL!$B:$B,SuppData3_MutationalandClonalP!$B73,SuppData4_SNVINDEL!$F:$F,SuppData3_MutationalandClonalP!L$4) -> 0 | M73: =COUNTIFS(SuppData4_SNVINDEL!$B:$B,SuppData3_MutationalandClonalP!$B73,SuppData4_SNVINDEL!$F:$F,SuppData3_MutationalandClonalP!M$4) -> 0 | N73: =SUM(O73:Q73) -> 1 | O73: =COUNTIFS(SuppData4_SNVINDEL!$B:$B,SuppData3_MutationalandClonalP!$B73,SuppData4_SNVINDEL!$F:$F,SuppData3_MutationalandClonalP!O$4) -> 0 | P73: =COUNTIFS(SuppData4_SNVINDEL!$B:$B,SuppData3_MutationalandClonalP!$B73,SuppData4_SNVINDEL!$F:$F,SuppData3_MutationalandClonalP!P$4) -> 0 | Q73: =COUNTIFS(SuppData4_SNVINDEL!$B:$B,SuppData3_MutationalandClonalP!$B73,SuppData4_SNVINDEL!$F:$F,SuppData3_MutationalandClonalP!Q$4) -> 1 | R73: 107 | S73: =IFERROR(R73+F73,F73) -> 108 | T73: na | U73: =COUNTIFS(SuppData6_SV!A:A,SuppData3_MutationalandClonalP!B73,SuppData6_SV!U:U,"<>Yes") -> 3 | V73: =COUNTIFS(SuppData6_SV!A:A,SuppData3_MutationalandClonalP!B73,SuppData6_SV!U:U,"Yes") -> 0 | W73: =COUNTIFS(SuppData5_CNA!C:C,SuppData3_MutationalandClonalP!B73,SuppData5_CNA!H:H,"<>none") -> 1 | X73: Mulitple clones seed relapse
A74: P136 | B74: P136-D3 | C74: Relapse1 | D74: B-ALL | E74: Very early/refractory | F74: =G74+N74 -> 5 | G74: =SUM(H74:M74) -> 3 | H74: =COUNTIFS(SuppData4_SNVINDEL!$B:$B,SuppData3_MutationalandClonalP!$B74,SuppData4_SNVINDEL!$F:$F,SuppData3_MutationalandClonalP!H$4) -> 3 | I74: =COUNTIFS(SuppData4_SNVINDEL!$B:$B,SuppData3_MutationalandClonalP!$B74,SuppData4_SNVINDEL!$F:$F,SuppData3_MutationalandClonalP!I$4) -> 0 | J74: =COUNTIFS(SuppData4_SNVINDEL!$B:$B,SuppData3_MutationalandClonalP!$B74,SuppData4_SNVINDEL!$F:$F,SuppData3_MutationalandClonalP!J$4) -> 0 | K74: =COUNTIFS(SuppData4_SNVINDEL!$B:$B,SuppData3_MutationalandClonalP!$B74,SuppData4_SNVINDEL!$F:$F,SuppData3_MutationalandClonalP!K$4) -> 0 | L74: =COUNTIFS(SuppData4_SNVINDEL!$B:$B,SuppData3_MutationalandClonalP!$B74,SuppData4_SNVINDEL!$F:$F,SuppData3_MutationalandClonalP!L$4) -> 0 | M74: =COUNTIFS(SuppData4_SNVINDEL!$B:$B,SuppData3_MutationalandClonalP!$B74,SuppData4_SNVINDEL!$F:$F,SuppData3_MutationalandClonalP!M$4) -> 0 | N74: =SUM(O74:Q74) -> 2 | O74: =COUNTIFS(SuppData4_SNVINDEL!$B:$B,SuppData3_MutationalandClonalP!$B74,SuppData4_SNVINDEL!$F:$F,SuppData3_MutationalandClonalP!O$4) -> 0 | P74: =COUNTIFS(SuppData4_SNVINDEL!$B:$B,SuppData3_MutationalandClonalP!$B74,SuppData4_SNVINDEL!$F:$F,SuppData3_MutationalandClonalP!P$4) -> 0 | Q74: =COUNTIFS(SuppData4_SNVINDEL!$B:$B,SuppData3_MutationalandClonalP!$B74,SuppData4_SNVINDEL!$F:$F,SuppData3_MutationalandClonalP!Q$4) -> 2 | R74: 113 | S74: =IFERROR(R74+F74,F74) -> 118 | T74: 95 | U74: =COUNTIFS(SuppData6_SV!A:A,SuppData3_MutationalandClonalP!B74,SuppData6_SV!U:U,"<>Yes") -> 3 | V74: =COUNTIFS(SuppData6_SV!A:A,SuppData3_MutationalandClonalP!B74,SuppData6_SV!U:U,"Yes") -> 0 | W74: =COUNTIFS(SuppData5_CNA!C:C,SuppData3_MutationalandClonalP!B74,SuppData5_CNA!H:H,"<>none") -> 1
A75: P137 | B75: P137-d0 | C75: Diagnosis | D75: B-ALL | E75: Early | F75: =G75+N75 -> 3 | G75: =SUM(H75:M75) -> 3 | H75: =COUNTIFS(SuppData4_SNVINDEL!$B:$B,SuppData3_MutationalandClonalP!$B75,SuppData4_SNVINDEL!$F:$F,SuppData3_MutationalandClonalP!H$4) -> 2 | I75: =COUNTIFS(SuppData4_SNVINDEL!$B:$B,SuppData3_MutationalandClonalP!$B75,SuppData4_SNVINDEL!$F:$F,SuppData3_MutationalandClonalP!I$4) -> 1 | J75: =COUNTIFS(SuppData4_SNVINDEL!$B:$B,SuppData3_MutationalandClonalP!$B75,SuppData4_SNVINDEL!$F:$F,SuppData3_MutationalandClonalP!J$4) -> 0 | K75: =COUNTIFS(SuppData4_SNVINDEL!$B:$B,SuppData3_MutationalandClonalP!$B75,SuppData4_SNVINDEL!$F:$F,SuppData3_MutationalandClonalP!K$4) -> 0 | L75: =COUNTIFS(SuppData4_SNVINDEL!$B:$B,SuppData3_MutationalandClonalP!$B75,SuppData4_SNVINDEL!$F:$F,SuppData3_MutationalandClonalP!L$4) -> 0 | M75: =COUNTIFS(SuppData4_SNVINDEL!$B:$B,SuppData3_MutationalandClonalP!$B75,SuppData4_SNVINDEL!$F:$F,SuppData3_MutationalandClonalP!M$4) -> 0 | N75: =SUM(O75:Q75) -> 0 | O75: =COUNTIFS(SuppData4_SNVINDEL!$B:$B,SuppData3_MutationalandClonalP!$B75,SuppData4_SNVINDEL!$F:$F,SuppData3_MutationalandClonalP!O$4) -> 0 | P75: =COUNTIFS(SuppData4_SNVINDEL!$B:$B,SuppData3_MutationalandClonalP!$B75,SuppData4_SNVINDEL!$F:$F,SuppData3_MutationalandClonalP!P$4) -> 0 | Q75: =COUNTIFS(SuppData4_SNVINDEL!$B:$B,SuppData3_MutationalandClonalP!$B75,SuppData4_SNVINDEL!$F:$F,SuppData3_MutationalandClonalP!Q$4) -> 0 | R75: 479 | S75: =IFERROR(R75+F75,F75) -> 482 | T75: na | U75: =COUNTIFS(SuppData6_SV!A:A,SuppData3_MutationalandClonalP!B75,SuppData6_SV!U:U,"<>Yes") -> 4 | V75: =COUNTIFS(SuppData6_SV!A:A,SuppData3_MutationalandClonalP!B75,SuppData6_SV!U:U,"Yes") -> 0 | W75: =COUNTIFS(SuppData5_CNA!C:C,SuppData3_MutationalandClonalP!B75,SuppData5_CNA!H:H,"<>none") -> 6 | X75: Mulitple clones seed relapse
A76: P137 | B76: P137-d525 | C76: Relapse1 | D76: B-ALL | E76: Early | F76: =G76+N76 -> 39 | G76: =SUM(H76:M76) -> 31 | H76: =COUNTIFS(SuppData4_SNVINDEL!$B:$B,SuppData3_MutationalandClonalP!$B76,SuppData4_SNVINDEL!$F:$F,SuppData3_MutationalandClonalP!H$4) -> 26 | I76: =COUNTIFS(SuppData4_SNVINDEL!$B:$B,SuppData3_MutationalandClonalP!$B76,SuppData4_SNVINDEL!$F:$F,SuppData3_MutationalandClonalP!I$4) -> 3 | J76: =COUNTIFS(SuppData4_SNVINDEL!$B:$B,SuppData3_MutationalandClonalP!$B76,SuppData4_SNVINDEL!$F:$F,SuppData3_MutationalandClonalP!J$4) -> 0 | K76: =COUNTIFS(SuppData4_SNVINDEL!$B:$B,SuppData3_MutationalandClonalP!$B76,SuppData4_SNVINDEL!$F:$F,SuppData3_MutationalandClonalP!K$4) -> 0 | L76: =COUNTIFS(SuppData4_SNVINDEL!$B:$B,SuppData3_MutationalandClonalP!$B76,SuppData4_SNVINDEL!$F:$F,SuppData3_MutationalandClonalP!L$4) -> 0 | M76: =COUNTIFS(SuppData4_SNVINDEL!$B:$B,SuppData3_MutationalandClonalP!$B76,SuppData4_SNVINDEL!$F:$F,SuppData3_MutationalandClonalP!M$4) -> 2 | N76: =SUM(O76:Q76) -> 8 | O76: =COUNTIFS(SuppData4_SNVINDEL!$B:$B,SuppData3_MutationalandClonalP!$B76,SuppData4_SNVINDEL!$F:$F,SuppData3_MutationalandClonalP!O$4) -> 0 | P76: =COUNTIFS(SuppData4_SNVINDEL!$B:$B,SuppData3_MutationalandClonalP!$B76,SuppData4_SNVINDEL!$F:$F,SuppData3_MutationalandClonalP!P$4) -> 2 | Q76: =COUNTIFS(SuppData4_SNVINDEL!$B:$B,SuppData3_MutationalandClonalP!$B76,SuppData4_SNVINDEL!$F:$F,SuppData3_MutationalandClonalP!Q$4) -> 6 | R76: 6564 | S76: =IFERROR(R76+F76,F76) -> 6603 | T76: 6430 | U76: =COUNTIFS(SuppData6_SV!A:A,SuppData3_MutationalandClonalP!B76,SuppData6_SV!U:U,"<>Yes") -> 4 | V76: =COUNTIFS(SuppData6_SV!A:A,SuppData3_MutationalandClonalP!B76,SuppData6_SV!U:U,"Yes") -> 0 | W76: =COUNTIFS(SuppData5_CNA!C:C,SuppData3_MutationalandClonalP!B76,SuppData5_CNA!H:H,"<>none") -> 6
A77: P138 | B77: P138-d0 | C77: Diagnosis | D77: B-ALL | E77: Early | F77: =G77+N77 -> 1 | G77: =SUM(H77:M77) -> 1 | H77: =COUNTIFS(SuppData4_SNVINDEL!$B:$B,SuppData3_MutationalandClonalP!$B77,SuppData4_SNVINDEL!$F:$F,SuppData3_MutationalandClonalP!H$4) -> 1 | I77: =COUNTIFS(SuppData4_SNVINDEL!$B:$B,SuppData3_MutationalandClonalP!$B77,SuppData4_SNVINDEL!$F:$F,SuppData3_MutationalandClonalP!I$4) -> 0 | J77: =COUNTIFS(SuppData4_SNVINDEL!$B:$B,SuppData3_MutationalandClonalP!$B77,SuppData4_SNVINDEL!$F:$F,SuppData3_MutationalandClonalP!J$4) -> 0 | K77: =COUNTIFS(SuppData4_SNVINDEL!$B:$B,SuppData3_MutationalandClonalP!$B77,SuppData4_SNVINDEL!$F:$F,SuppData3_MutationalandClonalP!K$4) -> 0 | L77: =COUNTIFS(SuppData4_SNVINDEL!$B:$B,SuppData3_MutationalandClonalP!$B77,SuppData4_SNVINDEL!$F:$F,SuppData3_MutationalandClonalP!L$4) -> 0 | M77: =COUNTIFS(SuppData4_SNVINDEL!$B:$B,SuppData3_MutationalandClonalP!$B77,SuppData4_SNVINDEL!$F:$F,SuppData3_MutationalandClonalP!M$4) -> 0 | N77: =SUM(O77:Q77) -> 0 | O77: =COUNTIFS(SuppData4_SNVINDEL!$B:$B,SuppData3_MutationalandClonalP!$B77,SuppData4_SNVINDEL!$F:$F,SuppData3_MutationalandClonalP!O$4) -> 0 | P77: =COUNTIFS(SuppData4_SNVINDEL!$B:$B,SuppData3_MutationalandClonalP!$B77,SuppData4_SNVINDEL!$F:$F,SuppData3_MutationalandClonalP!P$4) -> 0 | Q77: =COUNTIFS(SuppData4_SNVINDEL!$B:$B,SuppData3_MutationalandClonalP!$B77,SuppData4_SNVINDEL!$F:$F,SuppData3_MutationalandClonalP!Q$4) -> 0 | R77: 83 | S77: =IFERROR(R77+F77,F77) -> 84 | T77: na | U77: =COUNTIFS(SuppData6_SV!A:A,SuppData3_MutationalandClonalP!B77,SuppData6_SV!U:U,"<>Yes") -> 2 | V77: =COUNTIFS(SuppData6_SV!A:A,SuppData3_MutationalandClonalP!B77,SuppData6_SV!U:U,"Yes") -> 0 | W77: =COUNTIFS(SuppData5_CNA!C:C,SuppData3_MutationalandClonalP!B77,SuppData5_CNA!H:H,"<>none") -> 0 | X77: Single clone seed relapse†
A78: P138 | B78: P138-d351 | C78: Relapse1 | D78: B-ALL | E78: Early | F78: =G78+N78 -> 42 | G78: =SUM(H78:M78) -> 29 | H78: =COUNTIFS(SuppData4_SNVINDEL!$B:$B,SuppData3_MutationalandClonalP!$B78,SuppData4_SNVINDEL!$F:$F,SuppData3_MutationalandClonalP!H$4) -> 27 | I78: =COUNTIFS(SuppData4_SNVINDEL!$B:$B,SuppData3_MutationalandClonalP!$B78,SuppData4_SNVINDEL!$F:$F,SuppData3_MutationalandClonalP!I$4) -> 0 | J78: =COUNTIFS(SuppData4_SNVINDEL!$B:$B,SuppData3_MutationalandClonalP!$B78,SuppData4_SNVINDEL!$F:$F,SuppData3_MutationalandClonalP!J$4) -> 1 | K78: =COUNTIFS(SuppData4_SNVINDEL!$B:$B,SuppData3_MutationalandClonalP!$B78,SuppData4_SNVINDEL!$F:$F,SuppData3_MutationalandClonalP!K$4) -> 1 | L78: =COUNTIFS(SuppData4_SNVINDEL!$B:$B,SuppData3_MutationalandClonalP!$B78,SuppData4_SNVINDEL!$F:$F,SuppData3_MutationalandClonalP!L$4) -> 0 | M78: =COUNTIFS(SuppData4_SNVINDEL!$B:$B,SuppData3_MutationalandClonalP!$B78,SuppData4_SNVINDEL!$F:$F,SuppData3_MutationalandClonalP!M$4) -> 0 | N78: =SUM(O78:Q78) -> 13 | O78: =COUNTIFS(SuppData4_SNVINDEL!$B:$B,SuppData3_MutationalandClonalP!$B78,SuppData4_SNVINDEL!$F:$F,SuppData3_MutationalandClonalP!O$4) -> 0 | P78: =COUNTIFS(SuppData4_SNVINDEL!$B:$B,SuppData3_MutationalandClonalP!$B78,SuppData4_SNVINDEL!$F:$F,SuppData3_MutationalandClonalP!P$4) -> 6 | Q78: =COUNTIFS(SuppData4_SNVINDEL!$B:$B,SuppData3_MutationalandClonalP!$B78,SuppData4_SNVINDEL!$F:$F,SuppData3_MutationalandClonalP!Q$4) -> 7 | R78: 3245 | S78: =IFERROR(R78+F78,F78) -> 3287 | T78: 3246 | U78: =COUNTIFS(SuppData6_SV!A:A,SuppData3_MutationalandClonalP!B78,SuppData6_SV!U:U,"<>Yes") -> 4 | V78: =COUNTIFS(SuppData6_SV!A:A,SuppData3_MutationalandClonalP!B78,SuppData6_SV!U:U,"Yes") -> 0 | W78: =COUNTIFS(SuppData5_CNA!C:C,SuppData3_MutationalandClonalP!B78,SuppData5_CNA!H:H,"<>none") -> 5
X79: †relapse clone was not detected att diagnosis

Sheet SuppData4_SNVINDEL
A1: Supplementary Data 4: SNV & INDEL
A3: Patient ID | B3: Sample | C3: SampleType | D3: Paired | E3: Gene | F3: Class | G3: AAChange | H3: Chromosome | I3: Position | J3: ReferenceAllele | K3: Mutant Allele | L3: Mutant_In_Tumor_WES | M3: Total_In_Tumor_WES | N3: VAF_In_Tumor_WES | O3: Mutant_In_Normal_WES | P3: Total_In_Normal_WES | Q3: VAF_In_Normal_WGS | R3: Mutant_In_Tumor_WGS | S3: Total_In_Tumor_WGS | T3: VAF_In_Tumor_WGS | U3: Mutant_In_Normal_WGS | V3: Total_In_Normal_WGS | W3: VAF_In_Normal_WGS | X3: CalledinWES | Y3: CalledinWGS | Z3: ValidatedbyTargetedSeq. | AA3: ManuallyInspected
A4: P121 | B4: P121-d0 | C4: Diagnosis | D4: No | E4: FLT3 | F4: missense | G4: N676K | H4: chr13 | I4: 28602340 | J4: G | K4: T | L4: - | M4: - | N4: - | O4: - | P4: - | Q4: - | R4: 4 | S4: 24 | T4: 0.16666667 | U4: 0 | V4: 51 | W4: =U4/V4 -> 0 | X4: 0 | Y4: 1 | Z4: 0 | AA4: 1
A5: P122 | B5: P122-d424 | C5: Relapse1 | D5: No | E5: FLT3 | F5: missense | G5: D835E | H5: chr13 | I5: 28592640 | J5: A | K5: C | L5: - | M5: - | N5: - | O5: - | P5: - | Q5: - | R5: 6 | S5: 33 | T5: 0.18181818 | U5: 0 | V5: 55 | W5: =U5/V5 -> 0 | X5: 0 | Y5: 1 | Z5: 0 | AA5: 1
A6: P122 | B6: P122-d424 | C6: Relapse1 | D6: No | E6: FLT3 | F6: missense | G6: D835H | H6: chr13 | I6: 28592642 | J6: C | K6: G | L6: - | M6: - | N6: - | O6: - | P6: - | Q6: - | R6: 9 | S6: 36 | T6: 0.25 | U6: 0 | V6: 53 | W6: =U6/V6 -> 0 | X6: 0 | Y6: 1 | Z6: 0 | AA6: 1
A7: P125 | B7: P125-d0 | C7: Diagnosis | D7: No | E7: FLT3 | F7: missense | G7: V491L | H7: chr13 | I7: 28609758 | J7: C | K7: G | L7: 18 | M7: 55 | N7: =L7/M7 -> 0.32727273 | O7: 0 | P7: 18 | Q7: 0.32727273 | R7: 8 | S7: 33 | T7: 0.24242424 | U7: 0 | V7: 56 | W7: =U7/V7 -> 0 | X7: 1 | Y7: 1 | Z7: 0 | AA7: 1
A8: P125 | B8: P125-d729 | C8: Relapse1 | D8: No | E8: TP53 | F8: missense | G8: R273H | H8: chr17 | I8: 7577120 | J8: C | K8: T | L8: - | M8: - | N8: - | O8: - | P8: - | Q8: - | R8: 5 | S8: 29 | T8: 0.17241379 | U8: 0 | V8: 72 | W8: =U8/V8 -> 0 | X8: 0 | Y8: 1 | Z8: 0 | AA8: 1
A9: P125 | B9: P125-d729 | C9: Relapse1 | D9: No | E9: TP53 | F9: missense | G9: H179R | H9: chr17 | I9: 7578394 | J9: T | K9: C | L9: - | M9: - | N9: - | O9: - | P9: - | Q9: - | R9: 7 | S9: 25 | T9: 0.28 | U9: 0 | V9: 61 | W9: =U9/V9 -> 0 | X9: 0 | Y9: 1 | Z9: 0 | AA9: 1
A10: P129 | B10: P129-d253 | C10: Relapse1 | D10: No | E10: KRAS | F10: missense | G10: A146T | H10: chr12 | I10: 25378562 | J10: C | K10: T | L10: - | M10: - | N10: - | O10: - | P10: - | Q10: - | R10: 9 | S10: 20 | T10: 0.45 | U10: 0 | V10: 42 | W10: =U10/V10 -> 0 | X10: 0 | Y10: 1 | Z10: 0 | AA10: 1
A11: P124 | B11: P124-d999 | C11: Relapse1 | D11: No | E11: NRAS | F11: missense | G11: Q61K | H11: chr1 | I11: 115256530 | J11: G | K11: T | L11: - | M11: - | N11: - | O11: - | P11: - | Q11: - | R11: 9 | S11: 24 | T11: 0.375 | U11: 0 | V11: 44 | W11: =U11/V11 -> 0 | X11: 0 | Y11: 1 | Z11: 0 | AA11: 1
A12: P130 | B12: P130-d346 | C12: Relapse1 | D12: No | E12: TP53 | F12: missense | G12: R273H | H12: chr17 | I12: 7577120 | J12: C | K12: T | L12: 16 | M12: 21 | N12: =L12/M12 -> 0.76190476 | O12: 0 | P12: 47 | Q12: 0.76190476 | R12: - | S12: - | T12: - | U12: - | V12: - | W12: - | X12: 1 | Y12: 0 | Z12: 0 | AA12: 1
A13: P121 | B13: P121-d622 | C13: Relapse1 | D13: No | E13: TP53 | F13: missense | G13: V173L | H13: chr17 | I13: 7578413 | J13: C | K13: A | L13: - | M13: - | N13: - | O13: - | P13: - | Q13: - | R13: 10 | S13: 11 | T13: 0.90909091 | U13: 0 | V13: 62 | W13: 0 | X13: 0 | Y13: 1 | Z13: 0 | AA13: 1
A14: P127 | B14: P127-d0 | C14: Diagnosis | D14: PairedWES/RWGS | E14: None | F14: - | G14: - | H14: - | I14: - | J14: - | K14: - | L14: - | M14: - | N14: - | O14: - | P14: - | Q14: - | R14: - | S14: - | T14: - | U14: - | V14: - | W14: - | X14: - | Y14: - | Z14: - | AA14: -
A15: P127 | B15: P127-d211 | C15: Relapse1 | D15: PairedWES/RWGS | E15: None | F15: - | G15: - | H15: - | I15: - | J15: - | K15: - | L15: - | M15: - | N15: - | O15: - | P15: - | Q15: - | R15: - | S15: - | T15: - | U15: - | V15: - | W15: - | X15: - | Y15: - | Z15: - | AA15: -
A16: P17 | B16: P17-d0 | C16: Diagnosis | D16: Yes | E16: PIK3CD | F16: missense | G16: E1025G | H16: chr1 | I16: 9787043 | J16: A | K16: G | L16: 35 | M16: 353 | N16: 0.099150142 | O16: 0 | P16: 322 | Q16: - | R16: 1 | S16: 49 | T16: 0.020408163 | U16: - | V16: - | W16: - | X16: 1 | Y16: 0 | Z16: 1 | AA16: 0
A17: P17 | B17: P17-d0 | C17: Diagnosis | D17: Yes | E17: S100A7A | F17: UTR_3 | G17: E3_UTR_3 | H17: chr1 | I17: 153392373 | J17: C | K17: A | L17: 0 | M17: 0 | N17: - | O17: - | P17: - | Q17: - | R17: 13 | S17: 52 | T17: 0.25 | U17: 0 | V17: 47 | W17: - | X17: 0 | Y17: 1 | Z17: 1 | AA17: 0
A18: P17 | B18: P17-d0 | C18: Diagnosis | D18: Yes | E18: RYR1 | F18: silent | G18: I2263I | H18: chr19 | I18: 38987174 | J18: C | K18: T | L18: 99 | M18: 250 | N18: 0.396 | O18: 0 | P18: 201 | Q18: - | R18: 15 | S18: 34 | T18: 0.44117647 | U18: 0 | V18: 54 | W18: - | X18: 1 | Y18: 1 | Z18: 1 | AA18: 0
A19: P17 | B19: P17-d0 | C19: Diagnosis | D19: Yes | E19: RHO | F19: silent | G19: F208F | H19: chr3 | I19: 129251187 | J19: C | K19: T | L19: 75 | M19: 235 | N19: 0.31914894 | O19: 0 | P19: 202 | Q19: - | R19: 17 | S19: 36 | T19: 0.47222222 | U19: - | V19: - | W19: - | X19: 1 | Y19: 0 | Z19: 1 | AA19: 1
A20: P17 | B20: P17-d0 | C20: Diagnosis | D20: Yes | E20: MAP1B | F20: missense | G20: S431I | H20: chr5 | I20: 71490474 | J20: G | K20: T | L20: 3 | M20: 24 | N20: 0.125 | O20: - | P20: - | Q20: - | R20: 9 | S20: 46 | T20: 0.19565217 | U20: 0 | V20: 57 | W20: - | X20: 0 | Y20: 1 | Z20: 1 | AA20: 0
A21: P17 | B21: P17-d0 | C21: Diagnosis | D21: Yes | E21: HIST1H2AL | F21: UTR_5 | G21: E1_UTR_5 | H21: chr6 | I21: 27833113 | J21: C | K21: G | L21: 3 | M21: 8 | N21: 0.375 | O21: - | P21: - | Q21: - | R21: 7 | S21: 27 | T21: 0.25925926 | U21: 0 | V21: 39 | W21: - | X21: 0 | Y21: 1 | Z21: - | AA21: 1
A22: P17 | B22: P17-d0 | C22: Diagnosis | D22: Yes | E22: MYST3 | F22: missense | G22: G1549S | H22: chr8 | I22: 41791093 | J22: C | K22: T | L22: 19 | M22: 62 | N22: 0.30645161 | O22: 0 | P22: 57 | Q22: - | R22: 4 | S22: 40 | T22: 0.1 | U22: 0 | V22: 47 | W22: - | X22: 1 | Y22: 1 | Z22: 1 | AA22: 0
A23: P17 | B23: P17-d0 | C23: Diagnosis | D23: Yes | E23: CXorf1 | F23: UTR_3 | G23: E1_UTR_3 | H23: chrX | I23: 144910724 | J23: A | K23: G | L23: 0 | M23: 0 | N23: - | O23: - | P23: - | Q23: - | R23: 6 | S23: 43 | T23: 0.13953488 | U23: 0 | V23: 58 | W23: - | X23: 0 | Y23: 1 | Z23: 1 | AA23: 0
A24: P17 | B24: P17-d470 | C24: Relapse1 | D24: Yes | E24: PANK4 | F24: missense | G24: D437V | H24: chr1 | I24: 2447065 | J24: T | K24: A | L24: 0 | M24: 19 | N24: 0 | O24: - | P24: - | Q24: - | R24: 10 | S24: 86 | T24: 0.11627907 | U24: 0 | V24: 61 | W24: - | X24: 0 | Y24: 1 | Z24: - | AA24: 0
A25: P17 | B25: P17-d470 | C25: Relapse1 | D25: Yes | E25: KAZ | F25: missense | G25: D410G | H25: chr1 | I25: 15420682 | J25: A | K25: G | L25: 0 | M25: 2 | N25: 0 | O25: - | P25: - | Q25: - | R25: 11 | S25: 54 | T25: 0.2037037 | U25: 0 | V25: 35 | W25: - | X25: 0 | Y25: 1 | Z25: - | AA25: 0
A26: P17 | B26: P17-d470 | C26: Relapse1 | D26: Yes | E26: KAZ | F26: UTR_3 | G26: E15_UTR_3 | H26: chr1 | I26: 15443043 | J26: G | K26: A | L26: 0 | M26: 0 | N26: - | O26: - | P26: - | Q26: - | R26: 6 | S26: 42 | T26: 0.14285714 | U26: 0 | V26: 45 | W26: - | X26: 0 | Y26: 1 | Z26: - | AA26: 0
A27: P17 | B27: P17-d470 | C27: Relapse1 | D27: Yes | E27: SPEN | F27: nonsense | G27: R844* | H27: chr1 | I27: 16255265 | J27: C | K27: T | L27: 7 | M27: 40 | N27: 0.175 | O27: 0 | P27: 53 | Q27: - | R27: 4 | S27: 26 | T27: 0.15384615 | U27: 0 | V27: 53 | W27: - | X27: 1 | Y27: 1 | Z27: - | AA27: 1
A28: P17 | B28: P17-d470 | C28: Relapse1 | D28: Yes | E28: ESPNP | F28: exon | G28: E5_exon | H28: chr1 | I28: 17030629 | J28: T | K28: C | L28: 21 | M28: 136 | N28: 0.15441176 | O28: 0 | P28: 169 | Q28: - | R28: 36 | S28: 214 | T28: 0.1682243 | U28: 0 | V28: 169 | W28: - | X28: 1 | Y28: 1 | Z28: - | AA28: 0
A29: P17 | B29: P17-d470 | C29: Relapse1 | D29: Yes | E29: RNF186 | F29: missense | G29: P83L | H29: chr1 | I29: 20141347 | J29: G | K29: A | L29: 2 | M29: 11 | N29: 0.18181818 | O29: - | P29: - | Q29: - | R29: 9 | S29: 49 | T29: 0.18367347 | U29: 0 | V29: 36 | W29: - | X29: 0 | Y29: 1 | Z29: - | AA29: 0
A30: P17 | B30: P17-d470 | C30: Relapse1 | D30: Yes | E30: FAM43B | F30: UTR_3 | G30: E1_UTR_3 | H30: chr1 | I30: 20881412 | J30: C | K30: T | L30: 0 | M30: 0 | N30: - | O30: - | P30: - | Q30: - | R30: 17 | S30: 75 | T30: 0.22666667 | U30: 0 | V30: 43 | W30: - | X30: 0 | Y30: 1 | Z30: - | AA30: 0
A31: P17 | B31: P17-d470 | C31: Relapse1 | D31: Yes | E31: ECE1 | F31: UTR_3 | G31: E19_UTR_3 | H31: chr1 | I31: 21545038 | J31: G | K31: A | L31: 0 | M31: 0 | N31: - | O31: - | P31: - | Q31: - | R31: 8 | S31: 25 | T31: 0.32 | U31: 0 | V31: 53 | W31: - | X31: 0 | Y31: 1 | Z31: - | AA31: 0
A32: P17 | B32: P17-d470 | C32: Relapse1 | D32: Yes | E32: FUCA1 | F32: UTR_5 | G32: E1_UTR_5 | H32: chr1 | I32: 24194847 | J32: A | K32: G | L32: 0 | M32: 4 | N32: 0 | O32: - | P32: - | Q32: - | R32: 9 | S32: 56 | T32: 0.16071429 | U32: 0 | V32: 27 | W32: - | X32: 0 | Y32: 1 | Z32: - | AA32: 0
A33: P17 | B33: P17-d470 | C33: Relapse1 | D33: Yes | E33: NIPAL3 | F33: missense | G33: Y94C | H33: chr1 | I33: 24768663 | J33: A | K33: G | L33: 0 | M33: 3 | N33: 0 | O33: - | P33: - | Q33: - | R33: 7 | S33: 24 | T33: 0.29166667 | U33: 0 | V33: 53 | W33: - | X33: 0 | Y33: 1 | Z33: - | AA33: 0
A34: P17 | B34: P17-d470 | C34: Relapse1 | D34: Yes | E34: CLIC4 | F34: UTR_3 | G34: E6_UTR_3 | H34: chr1 | I34: 25168436 | J34: A | K34: T | L34: 0 | M34: 0 | N34: - | O34: - | P34: - | Q34: - | R34: 11 | S34: 38 | T34: 0.28947368 | U34: 0 | V34: 41 | W34: - | X34: 0 | Y34: 1 | Z34: - | AA34: 0
A35: P17 | B35: P17-d470 | C35: Relapse1 | D35: Yes | E35: LOC644961 | F35: exon | G35: E1_exon | H35: chr1 | I35: 27650497 | J35: C | K35: T | L35: 0 | M35: 0 | N35: - | O35: - | P35: - | Q35: - | R35: 14 | S35: 62 | T35: 0.22580645 | U35: 0 | V35: 54 | W35: - | X35: 0 | Y35: 1 | Z35: - | AA35: 0
A36: P17 | B36: P17-d470 | C36: Relapse1 | D36: Yes | E36: NKAIN1 | F36: silent | G36: T54T | H36: chr1 | I36: 31660927 | J36: G | K36: A | L36: 1 | M36: 11 | N36: 0.090909091 | O36: - | P36: - | Q36: - | R36: 12 | S36: 47 | T36: 0.25531915 | U36: 0 | V36: 39 | W36: - | X36: 0 | Y36: 1 | Z36: - | AA36: 0
A37: P17 | B37: P17-d470 | C37: Relapse1 | D37: Yes | E37: ZBTB8B | F37: UTR_3 | G37: E4_UTR_3 | H37: chr1 | I37: 32953397 | J37: C | K37: T | L37: 0 | M37: 0 | N37: - | O37: - | P37: - | Q37: - | R37: 6 | S37: 36 | T37: 0.16666667 | U37: 0 | V37: 43 | W37: - | X37: 0 | Y37: 1 | Z37: - | AA37: 0
A38: P17 | B38: P17-d470 | C38: Relapse1 | D38: Yes | E38: CSMD2 | F38: missense | G38: P2349L | H38: chr1 | I38: 34052115 | J38: G | K38: A | L38: 0 | M38: 7 | N38: 0 | O38: - | P38: - | Q38: - | R38: 8 | S38: 26 | T38: 0.30769231 | U38: 0 | V38: 47 | W38: - | X38: 0 | Y38: 1 | Z38: - | AA38: 0
A39: P17 | B39: P17-d470 | C39: Relapse1 | D39: Yes | E39: SNIP1 | F39: missense | G39: R122Q | H39: chr1 | I39: 38006319 | J39: C | K39: T | L39: 1 | M39: 1 | N39: 1 | O39: - | P39: - | Q39: - | R39: 6 | S39: 33 | T39: 0.18181818 | U39: 0 | V39: 51 | W39: - | X39: 0 | Y39: 1 | Z39: - | AA39: 0
A40: P17 | B40: P17-d470 | C40: Relapse1 | D40: Yes | E40: MANEAL | F40: missense | G40: G200R | H40: chr1 | I40: 38261456 | J40: G | K40: A | L40: 18 | M40: 87 | N40: 0.20689655 | O40: 0 | P40: 37 | Q40: - | R40: 14 | S40: 60 | T40: 0.23333333 | U40: 0 | V40: 37 | W40: - | X40: 1 | Y40: 1 | Z40: - | AA40: 0
A41: P17 | B41: P17-d470 | C41: Relapse1 | D41: Yes | E41: SF3A3 | F41: UTR_5 | G41: E1_UTR_5 | H41: chr1 | I41: 38455756 | J41: C | K41: G | L41: 0 | M41: 0 | N41: - | O41: - | P41: - | Q41: - | R41: 9 | S41: 57 | T41: 0.15789474 | U41: 0 | V41: 56 | W41: - | X41: 0 | Y41: 1 | Z41: - | AA41: 0
A42: P17 | B42: P17-d470 | C42: Relapse1 | D42: Yes | E42: SNORA55 | F42: exon | G42: E1_exon | H42: chr1 | I42: 40033103 | J42: A | K42: T | L42: 7 | M42: 18 | N42: 0.38888889 | O42: 0 | P42: 54 | Q42: - | R42: 19 | S42: 40 | T42: 0.475 | U42: 0 | V42: 54 | W42: - | X42: 1 | Y42: 1 | Z42: - | AA42: 0
A43: P17 | B43: P17-d470 | C43: Relapse1 | D43: Yes | E43: ZSWIM5 | F43: UTR_3 | G43: E14_UTR_3 | H43: chr1 | I43: 45483692 | J43: A | K43: T | L43: 0 | M43: 0 | N43: - | O43: - | P43: - | Q43: - | R43: 17 | S43: 33 | T43: 0.51515152 | U43: 0 | V43: 45 | W43: - | X43: 0 | Y43: 1 | Z43: - | AA43: 0
A44: P17 | B44: P17-d470 | C44: Relapse1 | D44: Yes | E44: LOC388630 | F44: UTR_3 | G44: E7_UTR_3 | H44: chr1 | I44: 48226663 | J44: C | K44: T | L44: 0 | M44: 1 | N44: 0 | O44: - | P44: - | Q44: - | R44: 25 | S44: 66 | T44: 0.37878788 | U44: 0 | V44: 58 | W44: - | X44: 0 | Y44: 1 | Z44: - | AA44: 0
A45: P17 | B45: P17-d470 | C45: Relapse1 | D45: Yes | E45: ZYG11B | F45: UTR_3 | G45: E14_UTR_3 | H45: chr1 | I45: 53288781 | J45: T | K45: A | L45: 0 | M45: 0 | N45: - | O45: - | P45: - | Q45: - | R45: 11 | S45: 29 | T45: 0.37931034 | U45: 0 | V45: 49 | W45: - | X45: 0 | Y45: 1 | Z45: - | AA45: 0
A46: P17 | B46: P17-d470 | C46: Relapse1 | D46: Yes | E46: GLIS1 | F46: missense | G46: T287A | H46: chr1 | I46: 53995562 | J46: T | K46: C | L46: 21 | M46: 37 | N46: 0.56756757 | O46: 0 | P46: 48 | Q46: - | R46: 37 | S46: 65 | T46: 0.56923077 | U46: 0 | V46: 48 | W46: - | X46: 1 | Y46: 1 | Z46: - | AA46: 0
A47: P17 | B47: P17-d470 | C47: Relapse1 | D47: Yes | E47: ROR1 | F47: silent | G47: C549C | H47: chr1 | I47: 64643371 | J47: C | K47: T | L47: 3 | M47: 20 | N47: 0.15 | O47: 0 | P47: 50 | Q47: - | R47: 7 | S47: 26 | T47: 0.26923077 | U47: 0 | V47: 47 | W47: - | X47: 1 | Y47: 1 | Z47: - | AA47: 0
A48: P17 | B48: P17-d470 | C48: Relapse1 | D48: Yes | E48: ZNHIT6 | F48: UTR_3 | G48: E10_UTR_3 | H48: chr1 | I48: 86115264 | J48: T | K48: C | L48: 0 | M48: 0 | N48: - | O48: - | P48: - | Q48: - | R48: 10 | S48: 23 | T48: 0.43478261 | U48: 0 | V48: 47 | W48: - | X48: 0 | Y48: 1 | Z48: - | AA48: 0
A49: P17 | B49: P17-d470 | C49: Relapse1 | D49: Yes | E49: ODF2L | F49: missense | G49: W284R | H49: chr1 | I49: 86838184 | J49: A | K49: T | L49: 7 | M49: 11 | N49: 0.63636364 | O49: 0 | P49: 39 | Q49: - | R49: 8 | S49: 9 | T49: 0.88888889 | U49: 0 | V49: 39 | W49: - | X49: 1 | Y49: 1 | Z49: - | AA49: 0
A50: P17 | B50: P17-d470 | C50: Relapse1 | D50: Yes | E50: ADORA3 | F50: indel | G50: T162fs | H50: chr1 | I50: 112043043 | J50: - | K50: A | L50: 14 | M50: 54 | N50: 0.25925926 | O50: 0 | P50: 46 | Q50: - | R50: 6 | S50: 29 | T50: 0.20689655 | U50: 0 | V50: 46 | W50: - | X50: 1 | Y50: 1 | Z50: - | AA50: 1
A51: P17 | B51: P17-d470 | C51: Relapse1 | D51: Yes | E51: TMOD4 | F51: missense | G51: K56R | H51: chr1 | I51: 151146980 | J51: T | K51: C | L51: 0 | M51: 7 | N51: 0 | O51: - | P51: - | Q51: - | R51: 7 | S51: 30 | T51: 0.23333333 | U51: 0 | V51: 61 | W51: - | X51: 0 | Y51: 1 | Z51: - | AA51: 0
A52: P17 | B52: P17-d470 | C52: Relapse1 | D52: Yes | E52: PVRL4 | F52: missense | G52: S403P | H52: chr1 | I52: 161043536 | J52: A | K52: G | L52: 66 | M52: 174 | N52: 0.37931034 | O52: 0 | P52: 65 | Q52: - | R52: 28 | S52: 56 | T52: 0.5 | U52: 0 | V52: 65 | W52: - | X52: 1 | Y52: 1 | Z52: - | AA52: 0
A53: P17 | B53: P17-d470 | C53: Relapse1 | D53: Yes | E53: CACYBP | F53: UTR_3 | G53: E6_UTR_3 | H53: chr1 | I53: 174980733 | J53: T | K53: C | L53: 0 | M53: 0 | N53: - | O53: - | P53: - | Q53: - | R53: 11 | S53: 26 | T53: 0.42307692 | U53: 0 | V53: 52 | W53: - | X53: 0 | Y53: 1 | Z53: - | AA53: 0
A54: P17 | B54: P17-d470 | C54: Relapse1 | D54: Yes | E54: PIK3C2B | F54: indel | G54: D933fs | H54: chr1 | I54: 204413264 | J54: - | K54: T | L54: - | M54: - | N54: - | O54: - | P54: - | Q54: - | R54: 20 | S54: 33 | T54: 0.60606061 | U54: 0 | V54: 52 | W54: - | X54: 0 | Y54: 1 | Z54: 1 | AA54: 1
A55: P17 | B55: P17-d470 | C55: Relapse1 | D55: Yes | E55: PFKFB2 | F55: silent | G55: G222G | H55: chr1 | I55: 207240877 | J55: C | K55: T | L55: 1 | M55: 6 | N55: 0.16666667 | O55: - | P55: - | Q55: - | R55: 7 | S55: 18 | T55: 0.38888889 | U55: 0 | V55: 38 | W55: - | X55: 0 | Y55: 1 | Z55: - | AA55: 0
A56: P17 | B56: P17-d470 | C56: Relapse1 | D56: Yes | E56: PSEN2 | F56: missense | G56: A198T | H56: chr1 | I56: 227076555 | J56: G | K56: A | L56: 14 | M56: 64 | N56: 0.21875 | O56: 0 | P56: 54 | Q56: - | R56: 5 | S56: 38 | T56: 0.13157895 | U56: 0 | V56: 60 | W56: - | X56: 1 | Y56: 1 | Z56: - | AA56: 0
A57: P17 | B57: P17-d470 | C57: Relapse1 | D57: Yes | E57: GNPAT | F57: splice_region | G57: G258_E6splice_region | H57: chr1 | I57: 231401538 | J57: G | K57: A | L57: 2 | M57: 10 | N57: 0.2 | O57: - | P57: - | Q57: - | R57: 8 | S57: 33 | T57: 0.24242424 | U57: 0 | V57: 44 | W57: - | X57: 0 | Y57: 1 | Z57: - | AA57: 0
A58: P17 | B58: P17-d470 | C58: Relapse1 | D58: Yes | E58: LYST | F58: splice | G58: S3756_E53splice | H58: chr1 | I58: 235826379 | J58: C | K58: T | L58: 0 | M58: 14 | N58: 0 | O58: - | P58: - | Q58: - | R58: 7 | S58: 29 | T58: 0.24137931 | U58: 0 | V58: 51 | W58: - | X58: 0 | Y58: 1 | Z58: - | AA58: 0
A59: P17 | B59: P17-d470 | C59: Relapse1 | D59: Yes | E59: C10orf47 | F59: UTR_3 | G59: E4_UTR_3 | H59: chr10 | I59: 11913081 | J59: G | K59: A | L59: 0 | M59: 0 | N59: - | O59: - | P59: - | Q59: - | R59: 14 | S59: 78 | T59: 0.17948718 | U59: 0 | V59: 60 | W59: - | X59: 0 | Y59: 1 | Z59: - | AA59: 0
A60: P17 | B60: P17-d470 | C60: Relapse1 | D60: Yes | E60: THNSL1 | F60: silent | G60: S325S | H60: chr10 | I60: 25313127 | J60: A | K60: T | L60: 5 | M60: 48 | N60: 0.10416667 | O60: 0 | P60: 39 | Q60: - | R60: 5 | S60: 25 | T60: 0.2 | U60: 0 | V60: 39 | W60: - | X60: 1 | Y60: 1 | Z60: - | AA60: 0
A61: P17 | B61: P17-d470 | C61: Relapse1 | D61: Yes | E61: TMEM72 | F61: silent | G61: T272T | H61: chr10 | I61: 45430570 | J61: C | K61: T | L61: 4 | M61: 4 | N61: 1 | O61: 0 | P61: 43 | Q61: - | R61: 8 | S61: 34 | T61: 0.23529412 | U61: 0 | V61: 35 | W61: - | X61: 1 | Y61: 1 | Z61: - | AA61: 0
A62: P17 | B62: P17-d470 | C62: Relapse1 | D62: Yes | E62: C10orf25 | F62: UTR_3 | G62: E2_UTR_3 | H62: chr10 | I62: 45494031 | J62: C | K62: T | L62: 0 | M62: 0 | N62: - | O62: - | P62: - | Q62: - | R62: 11 | S62: 51 | T62: 0.21568627 | U62: 0 | V62: 43 | W62: - | X62: 0 | Y62: 1 | Z62: - | AA62: 0
A63: P17 | B63: P17-d470 | C63: Relapse1 | D63: Yes | E63: CDH23 | F63: silent | G63: A2685A | H63: chr10 | I63: 73565745 | J63: G | K63: A | L63: 9 | M63: 49 | N63: 0.18367347 | O63: 0 | P63: 47 | Q63: - | R63: 9 | S63: 47 | T63: 0.19148936 | U63: 0 | V63: 47 | W63: - | X63: 1 | Y63: 1 | Z63: - | AA63: 0
A64: P17 | B64: P17-d470 | C64: Relapse1 | D64: Yes | E64: SPOCK2 | F64: missense | G64: C337R | H64: chr10 | I64: 73822903 | J64: A | K64: G | L64: 0 | M64: 6 | N64: 0 | O64: - | P64: - | Q64: - | R64: 10 | S64: 41 | T64: 0.24390244 | U64: 0 | V64: 38 | W64: - | X64: 0 | Y64: 1 | Z64: - | AA64: 0
A65: P17 | B65: P17-d470 | C65: Relapse1 | D65: Yes | E65: TLX1NB | F65: UTR_5 | G65: E1_UTR_5 | H65: chr10 | I65: 102890688 | J65: T | K65: C | L65: 0 | M65: 0 | N65: - | O65: - | P65: - | Q65: - | R65: 36 | S65: 76 | T65: 0.47368421 | U65: 0 | V65: 52 | W65: - | X65: 0 | Y65: 1 | Z65: - | AA65: 0
A66: P17 | B66: P17-d470 | C66: Relapse1 | D66: Yes | E66: WDR11 | F66: missense | G66: R850T | H66: chr10 | I66: 122659574 | J66: G | K66: C | L66: 10 | M66: 66 | N66: 0.15151515 | O66: 0 | P66: 44 | Q66: - | R66: 7 | S66: 27 | T66: 0.25925926 | U66: 0 | V66: 40 | W66: - | X66: 1 | Y66: 1 | Z66: - | AA66: 0
A67: P17 | B67: P17-d470 | C67: Relapse1 | D67: Yes | E67: MUC5B | F67: nonsense | G67: S1118* | H67: chr11 | I67: 1260156 | J67: C | K67: A | L67: 9 | M67: 39 | N67: 0.23076923 | O67: 0 | P67: 24 | Q67: - | R67: 19 | S67: 64 | T67: 0.296875 | U67: 0 | V67: 24 | W67: - | X67: 1 | Y67: 1 | Z67: - | AA67: 1
A68: P17 | B68: P17-d470 | C68: Relapse1 | D68: Yes | E68: OSBPL5 | F68: UTR_3 | G68: E22_UTR_3 | H68: chr11 | I68: 3109267 | J68: A | K68: T | L68: 0 | M68: 0 | N68: - | O68: - | P68: - | Q68: - | R68: 10 | S68: 50 | T68: 0.2 | U68: 0 | V68: 31 | W68: - | X68: 0 | Y68: 1 | Z68: - | AA68: 0
A69: P17 | B69: P17-d470 | C69: Relapse1 | D69: Yes | E69: ART5 | F69: silent | G69: S248S | H69: chr11 | I69: 3660915 | J69: G | K69: A | L69: 6 | M69: 53 | N69: 0.11320755 | O69: 0 | P69: 52 | Q69: - | R69: 12 | S69: 51 | T69: 0.23529412 | U69: 0 | V69: 45 | W69: - | X69: 1 | Y69: 1 | Z69: - | AA69: 1
A70: P17 | B70: P17-d470 | C70: Relapse1 | D70: Yes | E70: DNHD1 | F70: silent | G70: E2972E | H70: chr11 | I70: 6579441 | J70: A | K70: G | L70: 1 | M70: 10 | N70: 0.1 | O70: - | P70: - | Q70: - | R70: 6 | S70: 43 | T70: 0.13953488 | U70: 0 | V70: 55 | W70: - | X70: 0 | Y70: 1 | Z70: - | AA70: 0
A71: P17 | B71: P17-d470 | C71: Relapse1 | D71: Yes | E71: FBXO3 | F71: UTR_3 | G71: E10_UTR_3 | H71: chr11 | I71: 33768629 | J71: A | K71: C | L71: 5 | M71: 37 | N71: 0.13513514 | O71: 0 | P71: 63 | Q71: - | R71: 6 | S71: 48 | T71: 0.125 | U71: 0 | V71: 63 | W71: - | X71: 1 | Y71: 1 | Z71: - | AA71: 0
A72: P17 | B72: P17-d470 | C72: Relapse1 | D72: Yes | E72: LRP4 | F72: missense | G72: N1500S | H72: chr11 | I72: 46894735 | J72: T | K72: C | L72: 5 | M72: 49 | N72: 0.10204082 | O72: 0 | P72: 46 | Q72: - | R72: 5 | S72: 48 | T72: 0.10416667 | U72: 0 | V72: 46 | W72: - | X72: 1 | Y72: 1 | Z72: - | AA72: 0
A73: P17 | B73: P17-d470 | C73: Relapse1 | D73: Yes | E73: SYT7 | F73: missense | G73: R138Q | H73: chr11 | I73: 61295596 | J73: C | K73: T | L73: 8 | M73: 51 | N73: 0.15686275 | O73: 0 | P73: 53 | Q73: - | R73: 11 | S73: 59 | T73: 0.18644068 | U73: 0 | V73: 48 | W73: - | X73: 1 | Y73: 1 | Z73: - | AA73: 0
A74: P17 | B74: P17-d470 | C74: Relapse1 | D74: Yes | E74: C11orf9 | F74: missense | G74: A620V | H74: chr11 | I74: 61545300 | J74: C | K74: T | L74: 4 | M74: 30 | N74: 0.13333333 | O74: 0 | P74: 38 | Q74: - | R74: 18 | S74: 95 | T74: 0.18947368 | U74: 0 | V74: 38 | W74: - | X74: 1 | Y74: 1 | Z74: - | AA74: 0
A75: P17 | B75: P17-d470 | C75: Relapse1 | D75: Yes | E75: MTA2 | F75: missense | G75: E411Q | H75: chr11 | I75: 62363247 | J75: C | K75: G | L75: 2 | M75: 10 | N75: 0.2 | O75: - | P75: - | Q75: - | R75: 16 | S75: 68 | T75: 0.23529412 | U75: 0 | V75: 39 | W75: - | X75: 0 | Y75: 1 | Z75: - | AA75: 1
A76: P17 | B76: P17-d470 | C76: Relapse1 | D76: Yes | E76: WDR74 | F76: missense | G76: Y225C | H76: chr11 | I76: 62601944 | J76: T | K76: C | L76: 8 | M76: 13 | N76: 0.61538462 | O76: 0 | P76: 44 | Q76: - | R76: 10 | S76: 29 | T76: 0.34482759 | U76: 0 | V76: 44 | W76: - | X76: 1 | Y76: 1 | Z76: - | AA76: 0
A77: P17 | B77: P17-d470 | C77: Relapse1 | D77: Yes | E77: CDC42BPG | F77: splice_region | G77: R651_E17splice_region | H77: chr11 | I77: 64602633 | J77: C | K77: A | L77: 11 | M77: 31 | N77: 0.35483871 | O77: 0 | P77: 46 | Q77: - | R77: 25 | S77: 73 | T77: 0.34246575 | U77: 0 | V77: 46 | W77: - | X77: 1 | Y77: 1 | Z77: - | AA77: 0
A78: P17 | B78: P17-d470 | C78: Relapse1 | D78: Yes | E78: C11orf2 | F78: missense | G78: V472A | H78: chr11 | I78: 64876358 | J78: T | K78: C | L78: 67 | M78: 144 | N78: 0.46527778 | O78: 0 | P78: 29 | Q78: - | R78: 29 | S78: 58 | T78: 0.5 | U78: 0 | V78: 29 | W78: - | X78: 1 | Y78: 1 | Z78: - | AA78: 0
A79: P17 | B79: P17-d470 | C79: Relapse1 | D79: Yes | E79: SLC22A20 | F79: splice_region | G79: R162_E2splice_region | H79: chr11 | I79: 64981910 | J79: T | K79: C | L79: 5 | M79: 6 | N79: 0.83333333 | O79: 0 | P79: 61 | Q79: - | R79: 9 | S79: 51 | T79: 0.17647059 | U79: 0 | V79: 57 | W79: - | X79: 1 | Y79: 1 | Z79: - | AA79: 0
A80: P17 | B80: P17-d470 | C80: Relapse1 | D80: Yes | E80: RNASEH2C | F80: UTR_3 | G80: E4_UTR_3 | H80: chr11 | I80: 65486049 | J80: C | K80: A | L80: 4 | M80: 12 | N80: 0.33333333 | O80: 0 | P80: 54 | Q80: - | R80: 11 | S80: 54 | T80: 0.2037037 | U80: 0 | V80: 49 | W80: - | X80: 1 | Y80: 1 | Z80: - | AA80: 0
A81: P17 | B81: P17-d470 | C81: Relapse1 | D81: Yes | E81: SF3B2 | F81: nonsense | G81: R192* | H81: chr11 | I81: 65824333 | J81: C | K81: T | L81: 1 | M81: 6 | N81: 0.16666667 | O81: - | P81: - | Q81: - | R81: 10 | S81: 66 | T81: 0.15151515 | U81: 0 | V81: 51 | W81: - | X81: 0 | Y81: 1 | Z81: - | AA81: 0
A82: P17 | B82: P17-d470 | C82: Relapse1 | D82: Yes | E82: TCIRG1 | F82: UTR_5 | G82: UTR_5 | H82: chr11 | I82: 67810678 | J82: T | K82: C | L82: 0 | M82: 1 | N82: 0 | O82: - | P82: - | Q82: - | R82: 17 | S82: 73 | T82: 0.23287671 | U82: 0 | V82: 19 | W82: - | X82: 0 | Y82: 1 | Z82: - | AA82: 0
A83: P17 | B83: P17-d470 | C83: Relapse1 | D83: Yes | E83: LRP5 | F83: missense | G83: I581S | H83: chr11 | I83: 68171108 | J83: T | K83: G | L83: 6 | M83: 17 | N83: 0.35294118 | O83: 0 | P83: 37 | Q83: - | R83: 15 | S83: 41 | T83: 0.36585366 | U83: 0 | V83: 37 | W83: - | X83: 1 | Y83: 1 | Z83: - | AA83: 0
A84: P17 | B84: P17-d470 | C84: Relapse1 | D84: Yes | E84: PPP6R3 | F84: missense | G84: I157T | H84: chr11 | I84: 68315590 | J84: T | K84: C | L84: 12 | M84: 26 | N84: 0.46153846 | O84: 0 | P84: 43 | Q84: - | R84: 5 | S84: 26 | T84: 0.19230769 | U84: 0 | V84: 46 | W84: - | X84: 1 | Y84: 1 | Z84: - | AA84: 0
A85: P17 | B85: P17-d470 | C85: Relapse1 | D85: Yes | E85: NADSYN1 | F85: silent | G85: A480A | H85: chr11 | I85: 71195478 | J85: G | K85: A | L85: 1 | M85: 15 | N85: 0.066666667 | O85: - | P85: - | Q85: - | R85: 13 | S85: 74 | T85: 0.17567568 | U85: 0 | V85: 48 | W85: - | X85: 0 | Y85: 1 | Z85: - | AA85: 0
A86: P17 | B86: P17-d470 | C86: Relapse1 | D86: Yes | E86: WNT11 | F86: missense | G86: A97T | H86: chr11 | I86: 75907557 | J86: C | K86: T | L86: 9 | M86: 45 | N86: 0.2 | O86: 0 | P86: 49 | Q86: - | R86: 14 | S86: 91 | T86: 0.15384615 | U86: 0 | V86: 53 | W86: - | X86: 1 | Y86: 1 | Z86: - | AA86: 1
A87: P17 | B87: P17-d470 | C87: Relapse1 | D87: Yes | E87: C11orf30 | F87: missense | G87: R1111C | H87: chr11 | I87: 76256898 | J87: C | K87: T | L87: 1 | M87: 4 | N87: 0.25 | O87: - | P87: - | Q87: - | R87: 6 | S87: 25 | T87: 0.24 | U87: 0 | V87: 54 | W87: - | X87: 0 | Y87: 1 | Z87: - | AA87: 1
A88: P17 | B88: P17-d470 | C88: Relapse1 | D88: Yes | E88: FAT3 | F88: missense | G88: A3575V | H88: chr11 | I88: 92577257 | J88: C | K88: T | L88: 5 | M88: 18 | N88: 0.27777778 | O88: 0 | P88: 61 | Q88: - | R88: 5 | S88: 23 | T88: 0.2173913 | U88: 0 | V88: 61 | W88: - | X88: 1 | Y88: 1 | Z88: - | AA88: 0
A89: P17 | B89: P17-d470 | C89: Relapse1 | D89: Yes | E89: C11orf63 | F89: missense | G89: S174P | H89: chr11 | I89: 122774808 | J89: T | K89: C | L89: 3 | M89: 9 | N89: 0.33333333 | O89: - | P89: - | Q89: - | R89: 5 | S89: 23 | T89: 0.2173913 | U89: 0 | V89: 58 | W89: - | X89: 0 | Y89: 1 | Z89: - | AA89: 0
A90: P17 | B90: P17-d470 | C90: Relapse1 | D90: Yes | E90: OR10S1 | F90: missense | G90: V113I | H90: chr11 | I90: 123848062 | J90: C | K90: T | L90: 4 | M90: 12 | N90: 0.33333333 | O90: 0 | P90: 54 | Q90: - | R90: 4 | S90: 11 | T90: 0.36363636 | U90: 0 | V90: 54 | W90: - | X90: 1 | Y90: 1 | Z90: - | AA90: 0
A91: P17 | B91: P17-d470 | C91: Relapse1 | D91: Yes | E91: ST3GAL4 | F91: missense | G91: Y23C | H91: chr11 | I91: 126276419 | J91: A | K91: G | L91: 35 | M91: 75 | N91: 0.46666667 | O91: 0 | P91: 59 | Q91: - | R91: 22 | S91: 50 | T91: 0.44 | U91: 0 | V91: 59 | W91: - | X91: 1 | Y91: 1 | Z91: 1 | AA91: 0
A92: P17 | B92: P17-d470 | C92: Relapse1 | D92: Yes | E92: IGSF9B | F92: UTR_3 | G92: E21_UTR_3 | H92: chr11 | I92: 133787727 | J92: C | K92: T | L92: 3 | M92: 3 | N92: 1 | O92: 0 | P92: 53 | Q92: - | R92: 36 | S92: 83 | T92: 0.43373494 | U92: 0 | V92: 49 | W92: - | X92: 1 | Y92: 1 | Z92: - | AA92: 1
A93: P17 | B93: P17-d470 | C93: Relapse1 | D93: Yes | E93: GLB1L2 | F93: indel | G93: L30_E2splice_region | H93: chr11 | I93: 134212644 | J93: - | K93: T | L93: - | M93: - | N93: - | O93: - | P93: - | Q93: - | R93: 8 | S93: 66 | T93: 0.12121212 | U93: 0 | V93: 44 | W93: - | X93: 0 | Y93: 1 | Z93: - | AA93: 1
A94: P17 | B94: P17-d470 | C94: Relapse1 | D94: Yes | E94: VWF | F94: silent | G94: S85S | H94: chr12 | I94: 6220100 | J94: G | K94: A | L94: 51 | M94: 109 | N94: 0.46788991 | O94: 0 | P94: 43 | Q94: - | R94: 16 | S94: 37 | T94: 0.43243243 | U94: 0 | V94: 43 | W94: - | X94: 1 | Y94: 1 | Z94: - | AA94: 0
A95: P17 | B95: P17-d470 | C95: Relapse1 | D95: Yes | E95: C12orf53 | F95: missense | G95: S224G | H95: chr12 | I95: 6804753 | J95: T | K95: C | L95: 7 | M95: 9 | N95: 0.77777778 | O95: 0 | P95: 58 | Q95: - | R95: 28 | S95: 56 | T95: 0.5 | U95: 0 | V95: 58 | W95: - | X95: 1 | Y95: 1 | Z95: - | AA95: 0
A96: P17 | B96: P17-d470 | C96: Relapse1 | D96: Yes | E96: FOXJ2 | F96: UTR_5 | G96: E1_UTR_5 | H96: chr12 | I96: 8185707 | J96: T | K96: C | L96: 0 | M96: 0 | N96: - | O96: - | P96: - | Q96: - | R96: 11 | S96: 49 | T96: 0.2244898 | U96: 0 | V96: 31 | W96: - | X96: 0 | Y96: 1 | Z96: - | AA96: 0
A97: P17 | B97: P17-d470 | C97: Relapse1 | D97: Yes | E97: CDKN1B | F97: splice_region | G97: D159_E1splice_region | H97: chr12 | I97: 12871255 | J97: A | K97: T | L97: 3 | M97: 17 | N97: 0.17647059 | O97: - | P97: - | Q97: - | R97: 14 | S97: 34 | T97: 0.41176471 | U97: 0 | V97: 63 | W97: - | X97: 0 | Y97: 1 | Z97: 1 | AA97: 1
A98: P17 | B98: P17-d470 | C98: Relapse1 | D98: Yes | E98: C12orf67 | F98: exon | G98: E1_exon | H98: chr12 | I98: 24737099 | J98: G | K98: C | L98: 22 | M98: 40 | N98: 0.55 | O98: 0 | P98: 52 | Q98: - | R98: 10 | S98: 29 | T98: 0.34482759 | U98: 0 | V98: 52 | W98: - | X98: 1 | Y98: 1 | Z98: - | AA98: 0
A99: P17 | B99: P17-d470 | C99: Relapse1 | D99: Yes | E99: KRAS | F99: missense | G99: G12D | H99: chr12 | I99: 25398284 | J99: C | K99: T | L99: 14 | M99: 41 | N99: 0.34146341 | O99: 0 | P99: 42 | Q99: - | R99: 8 | S99: 23 | T99: 0.34782609 | U99: 0 | V99: 42 | W99: - | X99: 1 | Y99: 1 | Z99: 1 | AA99: 1
A100: P17 | B100: P17-d470 | C100: Relapse1 | D100: Yes | E100: KRAS | F100: missense | G100: G12S | H100: chr12 | I100: 25398285 | J100: C | K100: T | L100: 12 | M100: 39 | N100: 0.30769231 | O100: 0 | P100: 40 | Q100: - | R100: 8 | S100: 23 | T100: 0.34782609 | U100: 0 | V100: 40 | W100: - | X100: 1 | Y100: 1 | Z100: 1 | AA100: 1
A101: P17 | B101: P17-d470 | C101: Relapse1 | D101: Yes | E101: LRRK2 | F101: silent | G101: L131L | H101: chr12 | I101: 40629471 | J101: T | K101: C | L101: 10 | M101: 27 | N101: 0.37037037 | O101: 0 | P101: 55 | Q101: - | R101: 11 | S101: 18 | T101: 0.61111111 | U101: 0 | V101: 55 | W101: - | X101: 1 | Y101: 1 | Z101: - | AA101: 0
...

Sheet SuppData5_CNA
A1: Supplementary Data 5: Copy number alterations
A4: Patient | B4: Sample type | C4: sample | D4: chrom | E4: loc.start | F4: loc.end | G4: LogRatio | H4: Type | I4: GeneSymbols | J4: CancerGeneSymbols
A5: P3 | B5: Diagnosis | C5: P3-d0 | D5: - | E5: - | F5: - | G5: - | H5: none | I5: - | J5: -
A6: P3 | B6: Relapse1 | C6: P3-d396 | D6: 6 | E6: 90701 | F6: 43616200 | G6: 0.676 | H6: Amp | I6: LINC00266-3///LOC285766///DUSP22///IRF4///EXOC2///HUS1B///LOC101927691///LINC01622///FOXQ1///FOXF2///MIR6720///FOXCUT///FOXC1///GMDS///GMDS-AS1///LINC01600///LINC02521///MYLK4///WRNIP1///SERPINB1///MIR4645///SERPINB9P1///LOC101927730///SERPINB9///SERPINB6///LINC01011///NQO2///HTATSF1P2///LOC101927759///RIPK1///BPHL///TUBB2A///LINC02525///TUBB2B///LOC100422781///PSMG4///SLC22A23///LOC643327///PXDC1///FAM50B///PRPF4B///FAM217A///C6orf201///ECI2///LOC100507506///LOC102724096///MIR7641-2///LINC02533///KU-MEL-3///CDYL///RPP40///LYRM4-AS1///LYRM4///PPP1R3G///MIR3691///FARS2///LOC101927972///LOC101927950///NRN1///F13A1///MIR7853///MIR5683///LY86-AS1///LY86///RREB1///SSR1///CAGE1///RIOK1///DSP///SNRNP48///BMP6///BLOC1S5-TXNDC5///TXNDC5///PIP5K1P1///BLOC1S5///EEF1E1-BLOC1S5///EEF1E1///SCARNA27///SLC35B3///LOC100506207///HULC///TFAP2A///TFAP2A-AS2///TFAP2A-AS1///LINC00518///MIR5689HG///MIR5689///GCNT2///C6orf52///PAK1IP1///TMEM14C///TMEM14B///MAK///GCM2///SYCP2L///LOC101928191///ELOVL2///ELOVL2-AS1///SMIM13///ERVFRD-1///NEDD9///TMEM170B///ADTRP///LOC101928253///HIVEP1///EDN1///LINC02530///PHACTR1///TBC1D7-LOC100130357///LOC100130357///TBC1D7///GFOD1///SIRT5///NOL7///RANBP9///MCUR1///RNF182///CD83///LINC01108///JARID2///JARID2-AS1///DTNBP1///MYLIP///MIR4639///GMPR///ATXN1///LOC101928433///STMND1///RBM24///CAP2///LOC101928491///FAM8A1///NUP153///LOC105374952///KIF13A///NHLRC1///TPMT///KDM1B///DEK///RNF144B///MIR548A1HG///MIR548A1///LOC101928519///LOC105374960///LOC100506885///ID4///MBOAT1///E2F3///CDKAL1///LINC00581///SOX4///CASC15///NBAT1///PRL///HDGFL1///LOC105374972///NRSN1///DCDC2///KAAG1///MRS2///GPLD1///ALDH5A1///KIAA0319///TDP2///ACOT13///C6orf62///GMNN///C6orf229///RIPOR2///CMAHP///LOC101928663///CARMIL1///SCGN///HIST1H2AA///HIST1H2BA///HIST1H2APS1///SLC17A4///SLC17A1///SLC17A3///SLC17A2///TRIM38///HIST1H1A///HIST1H3A///HIST1H4A///HIST1H4B///HIST1H3B///HIST1H2AB///HIST1H2BB///HIST1H3C///HIST1H1C///LOC108783645///HFE///HIST1H4C///HIST1H1T///HIST1H2BC///HIST1H2AC///HIST1H1E///HIST1H2BD///HIST1H2BE///HIST1H4D///HIST1H3D///HIST1H2AD///HIST1H2BF///HIST1H4E///HIST1H2BG///HIST1H2AE///HIST1H3E///HIST1H1D///HIST1H4F///HIST1H4G///HIST1H3F///HIST1H2BH///HIST1H3G///HIST1H2BI///HIST1H4H///BTN3A2///BTN2A2///BTN3A1///BTN2A3P///BTN3A3///BTN2A1///LOC285819///BTN1A1///HCG11///HMGN4///LOC105374988///ABT1///ZNF322///GUSBP2///LINC00240///LOC100270746///HIST1H2BJ///HIST1H2AG///HIST1H2BK///HIST1H4I///HIST1H2AH///MIR3143///PRSS16///POM121L2///VN1R10P///ZNF204P///ZNF391///ZNF184///LINC01012///LOC100131289///HIST1H2BL///HIST1H2AI///HIST1H3H///HIST1H2AJ///HIST1H2BM///HIST1H4J///HIST1H4K///HIST1H2AK///HIST1H2BN///HIST1H2AL///HIST1H1B///HIST1H3I///HIST1H4L///HIST1H3J///HIST1H2AM///HIST1H2BO///OR2B2///OR2B6///OR1F12///ZNF165///ZSCAN12P1///ZSCAN16-AS1///ZSCAN16///ZKSCAN8///ZNF192P1///TOB2P1///ZSCAN9///ZKSCAN4///NKAPL///ZSCAN26///PGBD1///ZSCAN31///ZKSCAN3///ZSCAN12///ZSCAN23///GPX6///GPX5///ZBED9///LINC00533///LINC01623///HCG14///TRIM27///LINC01556///HCG15///ZNF311///LOC100129636///OR2W1///OR2B3///OR2J1///OR2J3///OR2J2///LOC101929006///OR14J1///OR5V1///OR12D3///OR12D2///OR12D1///OR11A1///OR10C1///OR2H1///MAS1L///LINC01015///UBD///SNORD32B///OR2H2///GABBR1///MOG///ZFP57///HLA-F///HLA-F-AS1///IFITM4P///HCG4///HLA-V///HLA-G///ZNRD1ASP///HCP5B///HLA-H///HCG4B///HLA-A///HCG9///HLA-J///ZNRD1///PPP1R11///RNF39///TRIM31///TRIM31-AS1///TRIM40///TRIM10///TRIM15///TRIM26///HCG17///HLA-L///MIR6891///HCG18///TRIM39///TRIM39-RPP21///RPP21///HLA-E///LINC02569///GNL1///PRR3///ABCF1///MIR877///PPP1R10///MRPS18B///ATAT1///C6orf136///DHX16///PPP1R18///NRM///MDC1///MDC1-AS1///TUBB///FLOT1///IER3-AS1///IER3///HCG20///LINC00243///LINC02570///DDR1///MIR4640///GTF2H4///VARS2///SFTA2///DPCR1///HCG21///MUC21///MUC22///HCG22///C6orf15///PSORS1C1///CDSN///PSORS1C2///CCHCR1///TCF19///POU5F1///PSORS1C3///HCG27///HLA-C///LINC02571///HLA-B///MICA-AS1///MICA///LINC01149///HCP5///HCG26///MICB-DT///MICB///MCCD1///DDX39B///ATP6V1G2-DDX39B///SNORD117///SNORD84///DDX39B-AS1///ATP6V1G2///NFKBIL1///LOC100287329///LTA///TNF///LTB///LST1///NCR3///AIF1///PRRC2A///SNORA38///MIR6832///BAG6///APOM///C6orf47///GPANK1///CSNK2B///LY6G5B///LY6G5C///ABHD16A///MIR4646///LY6G6F///LY6G6F-LY6G6D///LY6G6E///LY6G6D///LY6G6C///MPIG6B///DDAH2///CLIC1///MSH5///MSH5-SAPCD1///SAPCD1///SAPCD1-AS1///VWA7///VARS///LSM2///HSPA1L///HSPA1A///HSPA1B///C6orf48///SNORD48///SNORD52///NEU1///SLC44A4///EHMT2///C2///ZBTB12///C2-AS1///CFB///NELFE///MIR1236///SKIV2L///DXO///STK19///C4A///C4B_2///LOC110384692///C4B///CYP21A2///CYP21A1P///TNXA///TNXB///ATF6B///FKBPL///PRRT1///LOC100507547///PPT2///PPT2-EGFL8///EGFL8///AGPAT1///MIR6721///RNF5///RNF5P1///MIR6833///AGER///PBX2///GPSM3///NOTCH4///LOC101929163///C6orf10///HCG23///BTNL2///HLA-DRA///HLA-DRB5///HLA-DRB6///HLA-DRB1///HLA-DQA1///HLA-DQB1///HLA-DQB1-AS1///HLA-DQA2///MIR3135B///HLA-DQB2///HLA-DOB///TAP2///PSMB8///PSMB8-AS1///TAP1///PSMB9///LOC100294145///HLA-DMB///HLA-DMA///BRD2///HLA-DOA///HLA-DPA1///HLA-DPB1///HLA-DPB2///HCG24///COL11A2///RXRB///SLC39A7///HSD17B8///MIR219A1///RING1///HCG25///VPS52///RPS18///B3GALT4///WDR46///MIR6873///PFDN6///MIR6834///RGL2///TAPBP///ZBTB22///MIR1234///DAXX///KIFC1///PHF1///CUTA///SYNGAP1///MIR5004///ZBTB9///BAK1///GGNBP1///LINC00336///ITPR3///LOC101929188///UQCC2///MIR3934///IP6K3///LEMD2///MLN///LINC01016///MIR7159///MIR1275///GRM4///HMGA1///MIR6835///SMIM29///NUDT3///RPS10-NUDT3///RPS10///PACSIN1///SPDEF///C6orf106///LOC101929243///SNRPC///UHRF1BP1///TAF11///ANKS1A///TCP11///SCUBE3///ZNF76///DEF6///PPARD///FANCE///RPL10A///MIR7111///TEAD3///TULP1///FKBP5///MIR5690///LOC285847///ARMC12///CLPSL2///CLPSL1///CLPS///LHFPL5///SRPK1///SLC26A8///MAPK14///MAPK13///BRPF3///PNPLA1///C6orf222///ETV7///PXT1///KCTD20///STK38///SRSF3///MIR3925///PANDAR///CDKN1A///DINOL///RAB44///CPNE5///PPIL1///C6orf89///PI16///MTCH1///FGD2///PIM1///TMEM217///TBC1D22B///RNF8///CMTR1///CCDC167///LINC02520///MIR4462///MDGA1///ZFAND3///BTBD9///BTBD9-AS1///GLO1///DNAH8///LOC100131047///GLP1R///SAYSD1///KCNK5///KCNK17///KCNK16///KIF6///DAAM2///LOC100505635///MOCS1///LINC00951///TDRG1///LRFN2///LOC101929555///UNC5CL///TSPO2///APOBEC2///OARD1///NFYA///ADCY10P1///TREML1///TREM2///TREML2///TREML3P///TREML4///TREML5P///TREM1///NCR2///LINC01276///FOXP4-AS1///FOXP4///MIR4641///MDFI///TFEB///PGC///FRS3///PRICKLE4///TOMM6///USP49///MED20///BYSL///CCND3///TAF8///C6orf132///GUCA1A///GUCA1B///MRPS10///TRERF1///UBR2///PRPH2///ATP6V0CP3///TBCC///BICRAL///LOC401261///RPL7L1///C6orf226///PTCRA///CNPY3///CNPY3-GNMT///GNMT///PEX6///PPP2R5D///MEA1///KLHDC3///RRP36///CUL7///MRPL2///KLC4///PTK7///SRF///CUL9///DNPH1///TTBK1///SLC22A7///CRIP3///ZNF318///ABCC10///MIR6780B///DLK2///TJAP1///LRRC73///YIPF3///POLR1C///XPO5///POLH///GTPBP2///MAD2L1BP///RSPH9 | J6: IRF4///DEK///HIST1H3B///HIST1H4I///TRIM27///HLA-A///POU5F1///DAXX///HMGA1///FANCE///SRSF3///CDKN1A///PIM1///TFEB///CCND3
A7: P3 | B7: Relapse1 | C7: P3-d396 | D7: 7 | E7: 10001 | F7: 23269300 | G7: -0.595 | H7: Del | I7: LOC102723672///LOC100507642///LOC105375115///FAM20C///LOC442497///PDGFA///HRAT92///PRKAR1B///LOC101927000///LOC101926963///DNAAF5///SUN1///GET4///ADAP1///COX19///CYP2W1///C7orf50///MIR339///GPR146///GPER1///ZFAND2A///LOC101927021///UNCX///MICALL2///INTS1///MAFK///LOC100128653///TMEM184A///PSMG3///PSMG3-AS1///TFAMP1///ELFN1///ELFN1-AS1///MAD1L1///MIR4655///SNORA114///MRM2///NUDT1///SNX8///MIR6836///EIF3B///CHST12///GRIFIN///LFNG///MIR4648///BRAT1///IQCE///TTYH3///AMZ1///GNA12///CARD11///LOC100129603///SDK1///FOXK1///AP5Z1///MIR4656///RADIL///SNORD165///PAPOLB///MMD2///RNF216P1///RBAK///RBAK-RBAKDN///RBAKDN///ZNF890P///WIPI2///SLC29A4///TNRC18///LOC100129484///FBXL18///MIR589///LOC221946///ACTB///FSCN1///RNF216///RNF216-IT1///MIR6874///ZNF815P///OCM///CCZ1///RSPH10B///RSPH10B2///PMS2///AIMP2///SNORA80D///EIF2AK1///ANKRD61///USP42///CYTH3///FAM220A///RAC1///DAGLB///KDELR2///GRID2IP///ZDHHC4///C7orf26///ZNF853///ZNF316///ZNF12///PMS2CL///CCZ1B///MIR3683///LOC100131257///C1GALT1///LOC101927354///COL28A1///LOC101927391///MIOS///RPA3///UMAD1///LOC100505921///GLCCI1///ICA1///LOC100505938///NXPH1///PER4///MGC4859///LOC100131472///NDUFA4///PHF14///THSD7A///TMEM106B///VWDE///LOC102725191///SCIN///ARL4A///ETV1///DGKB///AGMO///MEOX2///LOC105375166///MEOX2-AS1///ISPD///ISPD-AS1///SOSTDC1///LRRC72///ANKMY2///BZW2///TSPAN13///AGR2///AGR3///AHR///KCCAT333///LOC101927630///SNX13///PRPS1L1///HDAC9///MIR1302-6///TWIST1///FERD3L///TWISTNB///MIR3146///TMEM196///LOC101927668///MACC1///MACC1-AS1///LOC100506098///LOC101927769///LOC101927811///ITGB8///ABCB5///SP8///RPL23P8///LINC01162///SP4///MIR1183///DNAH11///CDCA7L///RAPGEF5///STEAP1B///LOC100506178///LOC401312///LOC541472///IL6///TOMM7///SNHG26///SNORD93///FAM126A///KLHL7-AS1///KLHL7///NUPL2 | J7: CARD11///PMS2///RAC1///ETV1
A8: P12 | B8: Diagnosis | C8: P12-d0 | D8: - | E8: - | F8: - | G8: - | H8: none | I8: - | J8: -
A9: P12 | B9: Relapse1 | C9: P12-d175 | D9: - | E9: - | F9: - | G9: - | H9: none | I9: - | J9: -
A10: P28 | B10: Diagnosis | C10: P28-d0 | D10: - | E10: - | F10: - | G10: - | H10: none | I10: - | J10: -
A11: P28 | B11: Relapse1 | C11: P28-d208 | D11: 9 | E11: 20614701 | F11: 21827100 | G11: -0.829 | H11: Del | I11: MLLT3///FOCAD///FOCAD-AS1///MIR491///SNORA30B///HACD4///IFNB1///IFNW1///IFNA21///IFNA4///IFNA7///IFNA10///IFNA16///IFNA17///IFNA14///IFNA22P///IFNA5///KLHL9///IFNA6///IFNA13///IFNA2///IFNA8///IFNA1///MIR31HG///IFNE///MIR31///MTAP | J11: MLLT3
A12: P28 | B12: Relapse1 | C12: P28-d208 | D12: 9 | E12: 21827101 | F12: 27491200 | G12: -2.581 | H12: Del | I12: MTAP///CDKN2A-AS1///CDKN2A///CDKN2B-AS1///CDKN2B///DMRTA1///LINC01239///LOC101929563///ELAVL2///IZUMO3///TUSC1///LINC01241///LOC100506422///CAAP1///PLAA///IFT74///IFT74-AS1///LRRC19///TEK///LINC00032///EQTN///MOB3B | J12: CDKN2A
A13: P28 | B13: Relapse1 | C13: P28-d208 | D13: 9 | E13: 27491201 | F13: 33570900 | G13: -1.549 | H13: Del | I13: MOB3B///IFNK///C9orf72///LINGO2///MIR876///MIR873///LINC01242///LINC01243///ACO1///DDX58///TOPORS///SMIM27///NDUFB6///TAF1L///TMEM215///APTX///DNAJA1///SMU1///B4GALT1///B4GALT1-AS1///SPINK4///BAG1///CHMP5///NFX1///AQP7///AQP3///NOL6///MIR6851///SUGT1P1///ANKRD18B | J13: -
